"stage_name","rule_name","source_page_url","image_direct_url","original_alt","selected_version","local_file","bytes","sha256"
"オヒョウ海運","ナワバリ","https://wikiwiki.jp/splatoon3mix/%E3%82%B9%E3%83%86%E3%83%BC%E3%82%B8/%E3%82%AA%E3%83%92%E3%83%A7%E3%82%A6%E6%B5%B7%E9%81%8B","https://cdn.wikiwiki.jp/to/w/splatoon3mix/%E3%82%B9%E3%83%86%E3%83%BC%E3%82%B8/%E3%82%AA%E3%83%92%E3%83%A7%E3%82%A6%E6%B5%B7%E9%81%8B/::ref/%E3%82%AA%E3%83%92%E3%83%A7%E3%82%A6%E6%B5%B7%E9%81%8B_%E3%83%8A%E3%83%AF%E3%83%90%E3%83%AA.webp.webp?rev=7812a18a735bf41798ea2d168b1740a3&t=20230907155955","オヒョウ海運_ナワバリ.webp","0","images/オヒョウ海運_ナワバリ.webp","163926","f440fa4f0bdee22c4bbddf6ee55f9b3967f19101c705d33f616926c7912f0852"
"オヒョウ海運","エリア","https://wikiwiki.jp/splatoon3mix/%E3%82%B9%E3%83%86%E3%83%BC%E3%82%B8/%E3%82%AA%E3%83%92%E3%83%A7%E3%82%A6%E6%B5%B7%E9%81%8B","https://cdn.wikiwiki.jp/to/w/splatoon3mix/%E3%82%B9%E3%83%86%E3%83%BC%E3%82%B8/%E3%82%AA%E3%83%92%E3%83%A7%E3%82%A6%E6%B5%B7%E9%81%8B/::ref/%E3%82%AA%E3%83%92%E3%83%A7%E3%82%A6%E6%B5%B7%E9%81%8B_%E3%82%A8%E3%83%AA%E3%82%A2.webp.webp?rev=972864aeeaaa4225e7418476d5de1ca0&t=20230907160001","オヒョウ海運_エリア.webp","0","images/オヒョウ海運_エリア.webp","174652","c383aeedd09a7c823918a1481546314e71c612a2b9bf15793dc331b5a4cfc021"
"オヒョウ海運","ヤグラ","https://wikiwiki.jp/splatoon3mix/%E3%82%B9%E3%83%86%E3%83%BC%E3%82%B8/%E3%82%AA%E3%83%92%E3%83%A7%E3%82%A6%E6%B5%B7%E9%81%8B","https://cdn.wikiwiki.jp/to/w/splatoon3mix/%E3%82%B9%E3%83%86%E3%83%BC%E3%82%B8/%E3%82%AA%E3%83%92%E3%83%A7%E3%82%A6%E6%B5%B7%E9%81%8B/::ref/%E3%82%AA%E3%83%92%E3%83%A7%E3%82%A6%E6%B5%B7%E9%81%8B_%E3%83%A4%E3%82%B0%E3%83%A9.webp.webp?rev=33fbd354bfc927b4525abe35b909fa29&t=20230907160016","オヒョウ海運_ヤグラ.webp","0","images/オヒョウ海運_ヤグラ.webp","161916","7d44e83a62681478afbe553aecd2a76949859177e2ec813e4807851ec9b746bf"
"オヒョウ海運","ホコ","https://wikiwiki.jp/splatoon3mix/%E3%82%B9%E3%83%86%E3%83%BC%E3%82%B8/%E3%82%AA%E3%83%92%E3%83%A7%E3%82%A6%E6%B5%B7%E9%81%8B","https://cdn.wikiwiki.jp/to/w/splatoon3mix/%E3%82%B9%E3%83%86%E3%83%BC%E3%82%B8/%E3%82%AA%E3%83%92%E3%83%A7%E3%82%A6%E6%B5%B7%E9%81%8B/::ref/%E3%82%AA%E3%83%92%E3%83%A7%E3%82%A6%E6%B5%B7%E9%81%8B_%E3%83%9B%E3%82%B3.webp.webp?rev=9d1e480570912e5dbfd334cfc0bafc22&t=20230907160025","オヒョウ海運_ホコ.webp","0","images/オヒョウ海運_ホコ.webp","197520","3ee1c271b9696d72e963454a59e0b85a6a449f77ecfdb69508d82a0a8a129eb3"
"オヒョウ海運","アサリ","https://wikiwiki.jp/splatoon3mix/%E3%82%B9%E3%83%86%E3%83%BC%E3%82%B8/%E3%82%AA%E3%83%92%E3%83%A7%E3%82%A6%E6%B5%B7%E9%81%8B","https://cdn.wikiwiki.jp/to/w/splatoon3mix/%E3%82%B9%E3%83%86%E3%83%BC%E3%82%B8/%E3%82%AA%E3%83%92%E3%83%A7%E3%82%A6%E6%B5%B7%E9%81%8B/::ref/%E3%82%AA%E3%83%92%E3%83%A7%E3%82%A6%E6%B5%B7%E9%81%8B_%E3%82%A2%E3%82%B5%E3%83%AA.webp.webp?rev=3487d6f08076bec0c4e6ea67731910e5&t=20230907160033","オヒョウ海運_アサリ.webp","0","images/オヒョウ海運_アサリ.webp","173238","ffd3b047c63ca42c7cdaf2ce93c1404805f607b0a656fded81dc3afd2ed7c1fb"
"カジキ空港","ナワバリ","https://wikiwiki.jp/splatoon3mix/%E3%82%B9%E3%83%86%E3%83%BC%E3%82%B8/%E3%82%AB%E3%82%B8%E3%82%AD%E7%A9%BA%E6%B8%AF","https://cdn.wikiwiki.jp/to/w/splatoon3mix/%E3%82%B9%E3%83%86%E3%83%BC%E3%82%B8/%E3%82%AB%E3%82%B8%E3%82%AD%E7%A9%BA%E6%B8%AF/::ref/%E3%82%AB%E3%82%B8%E3%82%AD%E7%A9%BA%E6%B8%AF_%E3%83%8A%E3%83%AF%E3%83%90%E3%83%AA.webp.webp?rev=bd10e3799abdb9908188af3ccc513c49&t=20240316154110","カジキ空港_ナワバリ.webp","0","images/カジキ空港_ナワバリ.webp","165726","49738079f5c009eff886122fec00cabcd04aa738798b0577fe52f89031a1cab5"
"カジキ空港","エリア","https://wikiwiki.jp/splatoon3mix/%E3%82%B9%E3%83%86%E3%83%BC%E3%82%B8/%E3%82%AB%E3%82%B8%E3%82%AD%E7%A9%BA%E6%B8%AF","https://cdn.wikiwiki.jp/to/w/splatoon3mix/%E3%82%B9%E3%83%86%E3%83%BC%E3%82%B8/%E3%82%AB%E3%82%B8%E3%82%AD%E7%A9%BA%E6%B8%AF/::ref/%E3%82%AB%E3%82%B8%E3%82%AD%E7%A9%BA%E6%B8%AF_%E3%82%A8%E3%83%AA%E3%82%A2.webp.webp?rev=3810c0eac9ab1c693e91107dc494fe1e&t=20240316154121","カジキ空港_エリア.webp","0","images/カジキ空港_エリア.webp","179044","1a550edf86e4c75c0f67a5b0341e37e8e8a61c99e006a0f92cdb2d4798783166"
"カジキ空港","ヤグラ","https://wikiwiki.jp/splatoon3mix/%E3%82%B9%E3%83%86%E3%83%BC%E3%82%B8/%E3%82%AB%E3%82%B8%E3%82%AD%E7%A9%BA%E6%B8%AF","https://cdn.wikiwiki.jp/to/w/splatoon3mix/%E3%82%B9%E3%83%86%E3%83%BC%E3%82%B8/%E3%82%AB%E3%82%B8%E3%82%AD%E7%A9%BA%E6%B8%AF/::ref/%E3%82%AB%E3%82%B8%E3%82%AD%E7%A9%BA%E6%B8%AF_%E3%83%A4%E3%82%B0%E3%83%A9.webp.webp?rev=c841d3313a8a70fa5c866fed01cabc1f&t=20240316154139","カジキ空港_ヤグラ.webp","0","images/カジキ空港_ヤグラ.webp","163904","c360be4ab7b0a19d90b7dc3a725a82756ce522bd3166d2b985a2c56e82df85ac"
"カジキ空港","ホコ","https://wikiwiki.jp/splatoon3mix/%E3%82%B9%E3%83%86%E3%83%BC%E3%82%B8/%E3%82%AB%E3%82%B8%E3%82%AD%E7%A9%BA%E6%B8%AF","https://cdn.wikiwiki.jp/to/w/splatoon3mix/%E3%82%B9%E3%83%86%E3%83%BC%E3%82%B8/%E3%82%AB%E3%82%B8%E3%82%AD%E7%A9%BA%E6%B8%AF/::ref/%E3%82%AB%E3%82%B8%E3%82%AD%E7%A9%BA%E6%B8%AF_%E3%83%9B%E3%82%B3.webp.webp?rev=8dc21ddfa058fac8d1da4110db2f062c&t=20240316154147","カジキ空港_ホコ.webp","0","images/カジキ空港_ホコ.webp","190644","e2b53e1c9823f6e100335bfd79028dacd25df8c683827944ea89ed2db8297469"
"カジキ空港","アサリ","https://wikiwiki.jp/splatoon3mix/%E3%82%B9%E3%83%86%E3%83%BC%E3%82%B8/%E3%82%AB%E3%82%B8%E3%82%AD%E7%A9%BA%E6%B8%AF","https://cdn.wikiwiki.jp/to/w/splatoon3mix/%E3%82%B9%E3%83%86%E3%83%BC%E3%82%B8/%E3%82%AB%E3%82%B8%E3%82%AD%E7%A9%BA%E6%B8%AF/::ref/%E3%82%AB%E3%82%B8%E3%82%AD%E7%A9%BA%E6%B8%AF_%E3%82%A2%E3%82%B5%E3%83%AA.webp.webp?rev=2e127a7e0ece75ed097ba62cac207480&t=20240316154203","カジキ空港_アサリ.webp","0","images/カジキ空港_アサリ.webp","180166","b0baa9f7a72e04d8271e0cb720e710c8ee4fc9345dbd0eea77f97bdc82329f29"
"キンメダイ美術館","ナワバリ","https://wikiwiki.jp/splatoon3mix/%E3%82%B9%E3%83%86%E3%83%BC%E3%82%B8/%E3%82%AD%E3%83%B3%E3%83%A1%E3%83%80%E3%82%A4%E7%BE%8E%E8%A1%93%E9%A4%A8","https://cdn.wikiwiki.jp/to/w/splatoon3mix/%E3%82%B9%E3%83%86%E3%83%BC%E3%82%B8/%E3%82%AD%E3%83%B3%E3%83%A1%E3%83%80%E3%82%A4%E7%BE%8E%E8%A1%93%E9%A4%A8/::ref/%E3%82%AD%E3%83%B3%E3%83%A1%E3%83%80%E3%82%A4%E7%BE%8E%E8%A1%93%E9%A4%A8_%E3%83%8A%E3%83%AF%E3%83%90%E3%83%AA_ver.8.0.0.webp.webp?rev=6b1b89f0ad0a22bfb90419cf8b676c36&t=20240712213543","キンメダイ美術館_ナワバリ_ver.8.0.0.webp","8","images/キンメダイ美術館_ナワバリ.webp","204478","c49c9f49c0c53d94ce52d7507fc6b923f338dc39d115aac55f3e6509e5c05e3e"
"キンメダイ美術館","エリア","https://wikiwiki.jp/splatoon3mix/%E3%82%B9%E3%83%86%E3%83%BC%E3%82%B8/%E3%82%AD%E3%83%B3%E3%83%A1%E3%83%80%E3%82%A4%E7%BE%8E%E8%A1%93%E9%A4%A8","https://cdn.wikiwiki.jp/to/w/splatoon3mix/%E3%82%B9%E3%83%86%E3%83%BC%E3%82%B8/%E3%82%AD%E3%83%B3%E3%83%A1%E3%83%80%E3%82%A4%E7%BE%8E%E8%A1%93%E9%A4%A8/::ref/%E3%82%AD%E3%83%B3%E3%83%A1%E3%83%80%E3%82%A4%E7%BE%8E%E8%A1%93%E9%A4%A8_%E3%82%A8%E3%83%AA%E3%82%A2_ver.8.0.0.webp.webp?rev=546f904c55db0213a4c8a5859c57e09f&t=20240712213540","キンメダイ美術館_エリア_ver.8.0.0.webp","8","images/キンメダイ美術館_エリア.webp","216370","bb6128277ff45f750ada239ddafa4e1202eb9b236450d2d82714c7137fe0ed64"
"キンメダイ美術館","ヤグラ","https://wikiwiki.jp/splatoon3mix/%E3%82%B9%E3%83%86%E3%83%BC%E3%82%B8/%E3%82%AD%E3%83%B3%E3%83%A1%E3%83%80%E3%82%A4%E7%BE%8E%E8%A1%93%E9%A4%A8","https://cdn.wikiwiki.jp/to/w/splatoon3mix/%E3%82%B9%E3%83%86%E3%83%BC%E3%82%B8/%E3%82%AD%E3%83%B3%E3%83%A1%E3%83%80%E3%82%A4%E7%BE%8E%E8%A1%93%E9%A4%A8/::ref/%E3%82%AD%E3%83%B3%E3%83%A1%E3%83%80%E3%82%A4%E7%BE%8E%E8%A1%93%E9%A4%A8_%E3%83%A4%E3%82%B0%E3%83%A9_ver.8.0.0.webp.webp?rev=1485bc98618bfc4a57d0ab4aa5efc6d8&t=20240712213551","キンメダイ美術館_ヤグラ_ver.8.0.0.webp","8","images/キンメダイ美術館_ヤグラ.webp","196786","00cecaef929a055bd39dc59ac3ff84b19c66f1012eb3f1deb348b38475b88df8"
"キンメダイ美術館","ホコ","https://wikiwiki.jp/splatoon3mix/%E3%82%B9%E3%83%86%E3%83%BC%E3%82%B8/%E3%82%AD%E3%83%B3%E3%83%A1%E3%83%80%E3%82%A4%E7%BE%8E%E8%A1%93%E9%A4%A8","https://cdn.wikiwiki.jp/to/w/splatoon3mix/%E3%82%B9%E3%83%86%E3%83%BC%E3%82%B8/%E3%82%AD%E3%83%B3%E3%83%A1%E3%83%80%E3%82%A4%E7%BE%8E%E8%A1%93%E9%A4%A8/::ref/%E3%82%AD%E3%83%B3%E3%83%A1%E3%83%80%E3%82%A4%E7%BE%8E%E8%A1%93%E9%A4%A8_%E3%83%9B%E3%82%B3_ver.8.0.0.webp.webp?rev=3d00ba1befb0c893968955736405fe72&t=20240712213549","キンメダイ美術館_ホコ_ver.8.0.0.webp","8","images/キンメダイ美術館_ホコ.webp","215256","8e9e296190f5a97f8d76863c32e2fa96b39eb07e3e2d1ce0a9fdfab1e9ae3426"
"キンメダイ美術館","アサリ","https://wikiwiki.jp/splatoon3mix/%E3%82%B9%E3%83%86%E3%83%BC%E3%82%B8/%E3%82%AD%E3%83%B3%E3%83%A1%E3%83%80%E3%82%A4%E7%BE%8E%E8%A1%93%E9%A4%A8","https://cdn.wikiwiki.jp/to/w/splatoon3mix/%E3%82%B9%E3%83%86%E3%83%BC%E3%82%B8/%E3%82%AD%E3%83%B3%E3%83%A1%E3%83%80%E3%82%A4%E7%BE%8E%E8%A1%93%E9%A4%A8/::ref/%E3%82%AD%E3%83%B3%E3%83%A1%E3%83%80%E3%82%A4%E7%BE%8E%E8%A1%93%E9%A4%A8_%E3%82%A2%E3%82%B5%E3%83%AA_ver.8.0.0.webp.webp?rev=1c25c1061ef93fc81f2b73cc2ccf6a72&t=20240712213529","キンメダイ美術館_アサリ_ver.8.0.0.webp","8","images/キンメダイ美術館_アサリ.webp","206594","d1aceb8b4793dff0bd8d539e91254149ebcfef563d80f94f16047de67e73d0e5"
"クサヤ温泉","ナワバリ","https://wikiwiki.jp/splatoon3mix/%E3%82%B9%E3%83%86%E3%83%BC%E3%82%B8/%E3%82%AF%E3%82%B5%E3%83%A4%E6%B8%A9%E6%B3%89","https://cdn.wikiwiki.jp/to/w/splatoon3mix/%E3%82%B9%E3%83%86%E3%83%BC%E3%82%B8/%E3%82%AF%E3%82%B5%E3%83%A4%E6%B8%A9%E6%B3%89/::ref/%E3%82%AF%E3%82%B5%E3%83%A4%E6%B8%A9%E6%B3%89_%E3%83%8A%E3%83%AF%E3%83%90%E3%83%AA_ver.8.0.0.webp.webp?rev=17584edf0a2ca7f2209a6b947f345c35&t=20240807183909","クサヤ温泉_ナワバリ_ver.8.0.0.webp","8","images/クサヤ温泉_ナワバリ.webp","153918","966883d2c329f9b4a350b3fe85ebb6de691e0aed095ad249b422f2cef2b96a29"
"クサヤ温泉","エリア","https://wikiwiki.jp/splatoon3mix/%E3%82%B9%E3%83%86%E3%83%BC%E3%82%B8/%E3%82%AF%E3%82%B5%E3%83%A4%E6%B8%A9%E6%B3%89","https://cdn.wikiwiki.jp/to/w/splatoon3mix/%E3%82%B9%E3%83%86%E3%83%BC%E3%82%B8/%E3%82%AF%E3%82%B5%E3%83%A4%E6%B8%A9%E6%B3%89/::ref/%E3%82%AF%E3%82%B5%E3%83%A4%E6%B8%A9%E6%B3%89_%E3%82%A8%E3%83%AA%E3%82%A2_ver.8.0.0.webp.webp?rev=f7cc8d20ddc92fa825058edf7684333e&t=20240807183906","クサヤ温泉_エリア_ver.8.0.0.webp","8","images/クサヤ温泉_エリア.webp","167688","4313959c2ba129236231342d62d78f9f9619aacac96eb903c7da687b865bb8da"
"クサヤ温泉","ヤグラ","https://wikiwiki.jp/splatoon3mix/%E3%82%B9%E3%83%86%E3%83%BC%E3%82%B8/%E3%82%AF%E3%82%B5%E3%83%A4%E6%B8%A9%E6%B3%89","https://cdn.wikiwiki.jp/to/w/splatoon3mix/%E3%82%B9%E3%83%86%E3%83%BC%E3%82%B8/%E3%82%AF%E3%82%B5%E3%83%A4%E6%B8%A9%E6%B3%89/::ref/%E3%82%AF%E3%82%B5%E3%83%A4%E6%B8%A9%E6%B3%89_%E3%83%A4%E3%82%B0%E3%83%A9_ver.8.0.0.webp.webp?rev=7874f58138a859c66c65a5fe4d23805c&t=20240807191048","クサヤ温泉_ヤグラ_ver.8.0.0.webp","8","images/クサヤ温泉_ヤグラ.webp","157322","a243e98c927cf028227c2ae417047c349562e3b815e79b8ad2ab42dffd2ff835"
"クサヤ温泉","ホコ","https://wikiwiki.jp/splatoon3mix/%E3%82%B9%E3%83%86%E3%83%BC%E3%82%B8/%E3%82%AF%E3%82%B5%E3%83%A4%E6%B8%A9%E6%B3%89","https://cdn.wikiwiki.jp/to/w/splatoon3mix/%E3%82%B9%E3%83%86%E3%83%BC%E3%82%B8/%E3%82%AF%E3%82%B5%E3%83%A4%E6%B8%A9%E6%B3%89/::ref/%E3%82%AF%E3%82%B5%E3%83%A4%E6%B8%A9%E6%B3%89_%E3%83%9B%E3%82%B3_ver.8.0.0.webp.webp?rev=066846ba6da1dc98b7f2356080b4beb3&t=20240807183912","クサヤ温泉_ホコ_ver.8.0.0.webp","8","images/クサヤ温泉_ホコ.webp","182680","3053e93b65d5b4bee0458279c3e2e1783ffb16606787ceacfadd685fc6b49a02"
"クサヤ温泉","アサリ","https://wikiwiki.jp/splatoon3mix/%E3%82%B9%E3%83%86%E3%83%BC%E3%82%B8/%E3%82%AF%E3%82%B5%E3%83%A4%E6%B8%A9%E6%B3%89","https://cdn.wikiwiki.jp/to/w/splatoon3mix/%E3%82%B9%E3%83%86%E3%83%BC%E3%82%B8/%E3%82%AF%E3%82%B5%E3%83%A4%E6%B8%A9%E6%B3%89/::ref/%E3%82%AF%E3%82%B5%E3%83%A4%E6%B8%A9%E6%B3%89_%E3%82%A2%E3%82%B5%E3%83%AA_ver.8.0.0.webp.webp?rev=ca4356046c9efd87552c66d5d3b097d7&t=20240807183859","クサヤ温泉_アサリ_ver.8.0.0.webp","8","images/クサヤ温泉_アサリ.webp","168910","117af51407563bebd74107a2f6225c85e03bcc82846453e57072fee64960246e"
"コンブトラック","ナワバリ","https://wikiwiki.jp/splatoon3mix/%E3%82%B9%E3%83%86%E3%83%BC%E3%82%B8/%E3%82%B3%E3%83%B3%E3%83%96%E3%83%88%E3%83%A9%E3%83%83%E3%82%AF","https://cdn.wikiwiki.jp/to/w/splatoon3mix/%E3%82%B9%E3%83%86%E3%83%BC%E3%82%B8/%E3%82%B3%E3%83%B3%E3%83%96%E3%83%88%E3%83%A9%E3%83%83%E3%82%AF/::ref/%E3%82%B3%E3%83%B3%E3%83%96%E3%83%88%E3%83%A9%E3%83%83%E3%82%AF_%E3%83%8A%E3%83%AF%E3%83%90%E3%83%AA.webp.webp?rev=28924933809c5ec253cacc6252ee92d1&t=20230618161253","コンブトラック_ナワバリ.webp","0","images/コンブトラック_ナワバリ.webp","166326","2668122ed9d5e14c402a114f8e99fad592efc0d5d341c058d5eb077899024262"
"コンブトラック","エリア","https://wikiwiki.jp/splatoon3mix/%E3%82%B9%E3%83%86%E3%83%BC%E3%82%B8/%E3%82%B3%E3%83%B3%E3%83%96%E3%83%88%E3%83%A9%E3%83%83%E3%82%AF","https://cdn.wikiwiki.jp/to/w/splatoon3mix/%E3%82%B9%E3%83%86%E3%83%BC%E3%82%B8/%E3%82%B3%E3%83%B3%E3%83%96%E3%83%88%E3%83%A9%E3%83%83%E3%82%AF/::ref/%E3%82%B3%E3%83%B3%E3%83%96%E3%83%88%E3%83%A9%E3%83%83%E3%82%AF_%E3%82%A8%E3%83%AA%E3%82%A2.webp.webp?rev=78b8f41efcc9e4d64c149ebc7681b753&t=20230618161301","コンブトラック_エリア.webp","0","images/コンブトラック_エリア.webp","181928","8e7e0363577c97912c94a9d96d738d86082abee1a5d98eaa83024b6673c779ed"
"コンブトラック","ヤグラ","https://wikiwiki.jp/splatoon3mix/%E3%82%B9%E3%83%86%E3%83%BC%E3%82%B8/%E3%82%B3%E3%83%B3%E3%83%96%E3%83%88%E3%83%A9%E3%83%83%E3%82%AF","https://cdn.wikiwiki.jp/to/w/splatoon3mix/%E3%82%B9%E3%83%86%E3%83%BC%E3%82%B8/%E3%82%B3%E3%83%B3%E3%83%96%E3%83%88%E3%83%A9%E3%83%83%E3%82%AF/::ref/%E3%82%B3%E3%83%B3%E3%83%96%E3%83%88%E3%83%A9%E3%83%83%E3%82%AF_%E3%83%A4%E3%82%B0%E3%83%A9.webp.webp?rev=a9bbae646c492829e0a5c55a3d3d841a&t=20230618161322","コンブトラック_ヤグラ.webp","0","images/コンブトラック_ヤグラ.webp","171530","d5d105b83b331c8b961cd2470761090f28c3a7f98e73f370be643b2024959e8d"
"コンブトラック","ホコ","https://wikiwiki.jp/splatoon3mix/%E3%82%B9%E3%83%86%E3%83%BC%E3%82%B8/%E3%82%B3%E3%83%B3%E3%83%96%E3%83%88%E3%83%A9%E3%83%83%E3%82%AF","https://cdn.wikiwiki.jp/to/w/splatoon3mix/%E3%82%B9%E3%83%86%E3%83%BC%E3%82%B8/%E3%82%B3%E3%83%B3%E3%83%96%E3%83%88%E3%83%A9%E3%83%83%E3%82%AF/::ref/%E3%82%B3%E3%83%B3%E3%83%96%E3%83%88%E3%83%A9%E3%83%83%E3%82%AF_%E3%83%9B%E3%82%B3.webp.webp?rev=cd067696ca641e5af6da482aeb8cdc73&t=20230618161331","コンブトラック_ホコ.webp","0","images/コンブトラック_ホコ.webp","207026","92b9ad5833d762fb8d24352862f5098250dee5b41c39d246bfcf8f95c43aa73d"
"コンブトラック","アサリ","https://wikiwiki.jp/splatoon3mix/%E3%82%B9%E3%83%86%E3%83%BC%E3%82%B8/%E3%82%B3%E3%83%B3%E3%83%96%E3%83%88%E3%83%A9%E3%83%83%E3%82%AF","https://cdn.wikiwiki.jp/to/w/splatoon3mix/%E3%82%B9%E3%83%86%E3%83%BC%E3%82%B8/%E3%82%B3%E3%83%B3%E3%83%96%E3%83%88%E3%83%A9%E3%83%83%E3%82%AF/::ref/%E3%82%B3%E3%83%B3%E3%83%96%E3%83%88%E3%83%A9%E3%83%83%E3%82%AF_%E3%82%A2%E3%82%B5%E3%83%AA.webp.webp?rev=2ec5958727216ef0341bba23a0533068&t=20230618161339","コンブトラック_アサリ.webp","0","images/コンブトラック_アサリ.webp","186054","890a27614483255c24f6b31f70228f12ce1ccb9d607dd44589cadabfb741b860"
"ゴンズイ地区","ナワバリ","https://wikiwiki.jp/splatoon3mix/%E3%82%B9%E3%83%86%E3%83%BC%E3%82%B8/%E3%82%B4%E3%83%B3%E3%82%BA%E3%82%A4%E5%9C%B0%E5%8C%BA","https://cdn.wikiwiki.jp/to/w/splatoon3mix/%E3%82%B9%E3%83%86%E3%83%BC%E3%82%B8/%E3%82%B4%E3%83%B3%E3%82%BA%E3%82%A4%E5%9C%B0%E5%8C%BA/::ref/%E3%82%B4%E3%83%B3%E3%82%BA%E3%82%A4%E5%9C%B0%E5%8C%BA_%E3%83%8A%E3%83%AF%E3%83%90%E3%83%AA_ver.8.0.0.webp.webp?rev=4ec84d3eff8ca2936914e4560fa13449&t=20240608175709","ゴンズイ地区_ナワバリ_ver.8.0.0.webp","8","images/ゴンズイ地区_ナワバリ.webp","125482","1828a715104e82d6d0bf4e6713d304d2eeee8bf21342d5eac28dacec448558f8"
"ゴンズイ地区","エリア","https://wikiwiki.jp/splatoon3mix/%E3%82%B9%E3%83%86%E3%83%BC%E3%82%B8/%E3%82%B4%E3%83%B3%E3%82%BA%E3%82%A4%E5%9C%B0%E5%8C%BA","https://cdn.wikiwiki.jp/to/w/splatoon3mix/%E3%82%B9%E3%83%86%E3%83%BC%E3%82%B8/%E3%82%B4%E3%83%B3%E3%82%BA%E3%82%A4%E5%9C%B0%E5%8C%BA/::ref/%E3%82%B4%E3%83%B3%E3%82%BA%E3%82%A4%E5%9C%B0%E5%8C%BA_%E3%82%A8%E3%83%AA%E3%82%A2_ver.8.0.0.webp.webp?rev=c6b93ca9b9926f885bb9c8996699a4ca&t=20240608175706","ゴンズイ地区_エリア_ver.8.0.0.webp","8","images/ゴンズイ地区_エリア.webp","140608","818217ef5753bcdda4e1dfc6686d2ae90cc6dd9d70dcc294201dfede8b31364d"
"ゴンズイ地区","ヤグラ","https://wikiwiki.jp/splatoon3mix/%E3%82%B9%E3%83%86%E3%83%BC%E3%82%B8/%E3%82%B4%E3%83%B3%E3%82%BA%E3%82%A4%E5%9C%B0%E5%8C%BA","https://cdn.wikiwiki.jp/to/w/splatoon3mix/%E3%82%B9%E3%83%86%E3%83%BC%E3%82%B8/%E3%82%B4%E3%83%B3%E3%82%BA%E3%82%A4%E5%9C%B0%E5%8C%BA/::ref/%E3%82%B4%E3%83%B3%E3%82%BA%E3%82%A4%E5%9C%B0%E5%8C%BA_%E3%83%A4%E3%82%B0%E3%83%A9_ver.8.0.0.webp.webp?rev=d22cee29bcec1723a3015d9c54e0ccef&t=20240608175715","ゴンズイ地区_ヤグラ_ver.8.0.0.webp","8","images/ゴンズイ地区_ヤグラ.webp","126146","27a900689871b04d48a581aea6ea63bf646e7050441ac6fa0035830c2c8839e3"
"ゴンズイ地区","ホコ","https://wikiwiki.jp/splatoon3mix/%E3%82%B9%E3%83%86%E3%83%BC%E3%82%B8/%E3%82%B4%E3%83%B3%E3%82%BA%E3%82%A4%E5%9C%B0%E5%8C%BA","https://cdn.wikiwiki.jp/to/w/splatoon3mix/%E3%82%B9%E3%83%86%E3%83%BC%E3%82%B8/%E3%82%B4%E3%83%B3%E3%82%BA%E3%82%A4%E5%9C%B0%E5%8C%BA/::ref/%E3%82%B4%E3%83%B3%E3%82%BA%E3%82%A4%E5%9C%B0%E5%8C%BA_%E3%83%9B%E3%82%B3_ver.8.0.0.webp.webp?rev=facc047cabccc3d4fb49e8814d0da24a&t=20240608175712","ゴンズイ地区_ホコ_ver.8.0.0.webp","8","images/ゴンズイ地区_ホコ.webp","153254","d5a7c398f2a00f9a84d9c7f863f8467c34f237d9e9d010827f784039a0cd927f"
"ゴンズイ地区","アサリ","https://wikiwiki.jp/splatoon3mix/%E3%82%B9%E3%83%86%E3%83%BC%E3%82%B8/%E3%82%B4%E3%83%B3%E3%82%BA%E3%82%A4%E5%9C%B0%E5%8C%BA","https://cdn.wikiwiki.jp/to/w/splatoon3mix/%E3%82%B9%E3%83%86%E3%83%BC%E3%82%B8/%E3%82%B4%E3%83%B3%E3%82%BA%E3%82%A4%E5%9C%B0%E5%8C%BA/::ref/%E3%82%B4%E3%83%B3%E3%82%BA%E3%82%A4%E5%9C%B0%E5%8C%BA_%E3%82%A2%E3%82%B5%E3%83%AA_ver.8.0.0.webp.webp?rev=6120845c376c55282b534baded31a67b&t=20240608175700","ゴンズイ地区_アサリ_ver.8.0.0.webp","8","images/ゴンズイ地区_アサリ.webp","134802","a41982bdbcc58c3d65fc28fec9873708b0fd8a90af853412a85505475a0b2cf2"
"ザトウマーケット","ナワバリ","https://wikiwiki.jp/splatoon3mix/%E3%82%B9%E3%83%86%E3%83%BC%E3%82%B8/%E3%82%B6%E3%83%88%E3%82%A6%E3%83%9E%E3%83%BC%E3%82%B1%E3%83%83%E3%83%88","https://cdn.wikiwiki.jp/to/w/splatoon3mix/%E3%82%B9%E3%83%86%E3%83%BC%E3%82%B8/%E3%82%B6%E3%83%88%E3%82%A6%E3%83%9E%E3%83%BC%E3%82%B1%E3%83%83%E3%83%88/::ref/%E3%82%B6%E3%83%88%E3%82%A6%E3%83%9E%E3%83%BC%E3%82%B1%E3%83%83%E3%83%88_%E3%83%8A%E3%83%AF%E3%83%90%E3%83%AA_ver3.webp.webp?rev=af64064d75a0ad1585406c5bc2280fa7&t=20230426175951","ザトウマーケット_ナワバリ_ver3.webp","3","images/ザトウマーケット_ナワバリ.webp","149012","f8130d53b9c71fa7181cef4fdc697799740415a748d57558badf016a954906eb"
"ザトウマーケット","エリア","https://wikiwiki.jp/splatoon3mix/%E3%82%B9%E3%83%86%E3%83%BC%E3%82%B8/%E3%82%B6%E3%83%88%E3%82%A6%E3%83%9E%E3%83%BC%E3%82%B1%E3%83%83%E3%83%88","https://cdn.wikiwiki.jp/to/w/splatoon3mix/%E3%82%B9%E3%83%86%E3%83%BC%E3%82%B8/%E3%82%B6%E3%83%88%E3%82%A6%E3%83%9E%E3%83%BC%E3%82%B1%E3%83%83%E3%83%88/::ref/%E3%82%B6%E3%83%88%E3%82%A6%E3%83%9E%E3%83%BC%E3%82%B1%E3%83%83%E3%83%88_%E3%82%A8%E3%83%AA%E3%82%A2_ver3.webp.webp?rev=ccec89b66a46461c80bf929ccbec2151&t=20230426175958","ザトウマーケット_エリア_ver3.webp","3","images/ザトウマーケット_エリア.webp","171668","cfd258f3a3357bf4e7cb1f7dcb13f521f82909eb71daad425cd3e7923ebf9e47"
"ザトウマーケット","ヤグラ","https://wikiwiki.jp/splatoon3mix/%E3%82%B9%E3%83%86%E3%83%BC%E3%82%B8/%E3%82%B6%E3%83%88%E3%82%A6%E3%83%9E%E3%83%BC%E3%82%B1%E3%83%83%E3%83%88","https://cdn.wikiwiki.jp/to/w/splatoon3mix/%E3%82%B9%E3%83%86%E3%83%BC%E3%82%B8/%E3%82%B6%E3%83%88%E3%82%A6%E3%83%9E%E3%83%BC%E3%82%B1%E3%83%83%E3%83%88/::ref/%E3%82%B6%E3%83%88%E3%82%A6%E3%83%9E%E3%83%BC%E3%82%B1%E3%83%83%E3%83%88_%E3%83%A4%E3%82%B0%E3%83%A9.webp.webp?rev=009e3add71ac32dcd7133a5f0af492fb&t=20221115132319","ザトウマーケット_ヤグラ.webp","0","images/ザトウマーケット_ヤグラ.webp","152840","e63b9195b21f0d70dd38e962583e19f9b4699242e96f56316d7352e146d26810"
"ザトウマーケット","ホコ","https://wikiwiki.jp/splatoon3mix/%E3%82%B9%E3%83%86%E3%83%BC%E3%82%B8/%E3%82%B6%E3%83%88%E3%82%A6%E3%83%9E%E3%83%BC%E3%82%B1%E3%83%83%E3%83%88","https://cdn.wikiwiki.jp/to/w/splatoon3mix/%E3%82%B9%E3%83%86%E3%83%BC%E3%82%B8/%E3%82%B6%E3%83%88%E3%82%A6%E3%83%9E%E3%83%BC%E3%82%B1%E3%83%83%E3%83%88/::ref/%E3%82%B6%E3%83%88%E3%82%A6%E3%83%9E%E3%83%BC%E3%82%B1%E3%83%83%E3%83%88_%E3%83%9B%E3%82%B3.webp.webp?rev=c3e9313cace2964b77f4fbf9faf8a599&t=20221115132310","ザトウマーケット_ホコ.webp","0","images/ザトウマーケット_ホコ.webp","205506","1f62ae4257cab7a40d5c645c869c7f39a50059b7dc7e2f1fe34940383664775f"
"ザトウマーケット","アサリ","https://wikiwiki.jp/splatoon3mix/%E3%82%B9%E3%83%86%E3%83%BC%E3%82%B8/%E3%82%B6%E3%83%88%E3%82%A6%E3%83%9E%E3%83%BC%E3%82%B1%E3%83%83%E3%83%88","https://cdn.wikiwiki.jp/to/w/splatoon3mix/%E3%82%B9%E3%83%86%E3%83%BC%E3%82%B8/%E3%82%B6%E3%83%88%E3%82%A6%E3%83%9E%E3%83%BC%E3%82%B1%E3%83%83%E3%83%88/::ref/%E3%82%B6%E3%83%88%E3%82%A6%E3%83%9E%E3%83%BC%E3%82%B1%E3%83%83%E3%83%88_%E3%82%A2%E3%82%B5%E3%83%AA.webp.webp?rev=c706aa7ca146f4de4f04f051a0271f4f&t=20221115132253","ザトウマーケット_アサリ.webp","0","images/ザトウマーケット_アサリ.webp","170990","ccb148545b129e70b8a74f7c0eb9f2db8daf77504507e6a5e97a7072da613ccd"
"スメーシーワールド","ナワバリ","https://wikiwiki.jp/splatoon3mix/%E3%82%B9%E3%83%86%E3%83%BC%E3%82%B8/%E3%82%B9%E3%83%A1%E3%83%BC%E3%82%B7%E3%83%BC%E3%83%AF%E3%83%BC%E3%83%AB%E3%83%89","https://cdn.wikiwiki.jp/to/w/splatoon3mix/%E3%82%B9%E3%83%86%E3%83%BC%E3%82%B8/%E3%82%B9%E3%83%A1%E3%83%BC%E3%82%B7%E3%83%BC%E3%83%AF%E3%83%BC%E3%83%AB%E3%83%89/::ref/%E3%82%B9%E3%83%A1%E3%83%BC%E3%82%B7%E3%83%BC%E3%83%AF%E3%83%BC%E3%83%AB%E3%83%89_%E3%83%8A%E3%83%AF%E3%83%90%E3%83%AA_ver3.webp.webp?rev=1abc39e65954070feef4f63e2d98322b&t=20230426180148","スメーシーワールド_ナワバリ_ver3.webp","3","images/スメーシーワールド_ナワバリ.webp","185768","c05f55d21c5a218c20f08558a35e134e83616d98c1f9c1d1b4230e9cf03362ac"
"スメーシーワールド","エリア","https://wikiwiki.jp/splatoon3mix/%E3%82%B9%E3%83%86%E3%83%BC%E3%82%B8/%E3%82%B9%E3%83%A1%E3%83%BC%E3%82%B7%E3%83%BC%E3%83%AF%E3%83%BC%E3%83%AB%E3%83%89","https://cdn.wikiwiki.jp/to/w/splatoon3mix/%E3%82%B9%E3%83%86%E3%83%BC%E3%82%B8/%E3%82%B9%E3%83%A1%E3%83%BC%E3%82%B7%E3%83%BC%E3%83%AF%E3%83%BC%E3%83%AB%E3%83%89/::ref/%E3%82%B9%E3%83%A1%E3%83%BC%E3%82%B7%E3%83%BC%E3%83%AF%E3%83%BC%E3%83%AB%E3%83%89_%E3%82%A8%E3%83%AA%E3%82%A2.webp.webp?rev=9294949180a5340e1148862697c8629a&t=20221117102525","スメーシーワールド_エリア.webp","0","images/スメーシーワールド_エリア.webp","194264","f3c6d9536b17c7e5b7c926c2ac54302e255b2ea1a559857462a7f4c4bec2b74e"
"スメーシーワールド","ヤグラ","https://wikiwiki.jp/splatoon3mix/%E3%82%B9%E3%83%86%E3%83%BC%E3%82%B8/%E3%82%B9%E3%83%A1%E3%83%BC%E3%82%B7%E3%83%BC%E3%83%AF%E3%83%BC%E3%83%AB%E3%83%89","https://cdn.wikiwiki.jp/to/w/splatoon3mix/%E3%82%B9%E3%83%86%E3%83%BC%E3%82%B8/%E3%82%B9%E3%83%A1%E3%83%BC%E3%82%B7%E3%83%BC%E3%83%AF%E3%83%BC%E3%83%AB%E3%83%89/::ref/%E3%82%B9%E3%83%A1%E3%83%BC%E3%82%B7%E3%83%BC%E3%83%AF%E3%83%BC%E3%83%AB%E3%83%89_%E3%83%A4%E3%82%B0%E3%83%A9.webp.webp?rev=13629a8ac3f86d1dd83d4f58e293ef05&t=20221117102544","スメーシーワールド_ヤグラ.webp","0","images/スメーシーワールド_ヤグラ.webp","189236","941a43044be7e594c4bf4b8931e3f04a4608fce95d6462e78dbd7ca68e477048"
"スメーシーワールド","ホコ","https://wikiwiki.jp/splatoon3mix/%E3%82%B9%E3%83%86%E3%83%BC%E3%82%B8/%E3%82%B9%E3%83%A1%E3%83%BC%E3%82%B7%E3%83%BC%E3%83%AF%E3%83%BC%E3%83%AB%E3%83%89","https://cdn.wikiwiki.jp/to/w/splatoon3mix/%E3%82%B9%E3%83%86%E3%83%BC%E3%82%B8/%E3%82%B9%E3%83%A1%E3%83%BC%E3%82%B7%E3%83%BC%E3%83%AF%E3%83%BC%E3%83%AB%E3%83%89/::ref/%E3%82%B9%E3%83%A1%E3%83%BC%E3%82%B7%E3%83%BC%E3%83%AF%E3%83%BC%E3%83%AB%E3%83%89_%E3%83%9B%E3%82%B3.webp.webp?rev=4af861f0a6ceb5d5e361cc4957cd7def&t=20221117102602","スメーシーワールド_ホコ.webp","0","images/スメーシーワールド_ホコ.webp","213518","0ab577b3f01c79c949e51edfbf9b793ea89165c9011a1b57f09536b4c60b5505"
"スメーシーワールド","アサリ","https://wikiwiki.jp/splatoon3mix/%E3%82%B9%E3%83%86%E3%83%BC%E3%82%B8/%E3%82%B9%E3%83%A1%E3%83%BC%E3%82%B7%E3%83%BC%E3%83%AF%E3%83%BC%E3%83%AB%E3%83%89","https://cdn.wikiwiki.jp/to/w/splatoon3mix/%E3%82%B9%E3%83%86%E3%83%BC%E3%82%B8/%E3%82%B9%E3%83%A1%E3%83%BC%E3%82%B7%E3%83%BC%E3%83%AF%E3%83%BC%E3%83%AB%E3%83%89/::ref/%E3%82%B9%E3%83%A1%E3%83%BC%E3%82%B7%E3%83%BC%E3%83%AF%E3%83%BC%E3%83%AB%E3%83%89_%E3%82%A2%E3%82%B5%E3%83%AA_ver3.webp.webp?rev=c48b8cb0a93e5d831fefe6ebcc5f6f58&t=20230426180158","スメーシーワールド_アサリ_ver3.webp","3","images/スメーシーワールド_アサリ.webp","198296","16e35e9544e9897f23d68b6c45c64ddc5f4a072f72751bbf5842ad74c6b3b09b"
"タカアシ経済特区","ナワバリ","https://wikiwiki.jp/splatoon3mix/%E3%82%B9%E3%83%86%E3%83%BC%E3%82%B8/%E3%82%BF%E3%82%AB%E3%82%A2%E3%82%B7%E7%B5%8C%E6%B8%88%E7%89%B9%E5%8C%BA","https://cdn.wikiwiki.jp/to/w/splatoon3mix/%E3%82%B9%E3%83%86%E3%83%BC%E3%82%B8/%E3%82%BF%E3%82%AB%E3%82%A2%E3%82%B7%E7%B5%8C%E6%B8%88%E7%89%B9%E5%8C%BA/::ref/%E3%82%BF%E3%82%AB%E3%82%A2%E3%82%B7%E7%B5%8C%E6%B8%88%E7%89%B9%E5%8C%BA_%E3%83%8A%E3%83%AF%E3%83%90%E3%83%AA_ver.8.0.0.webp.webp?rev=70163a0227ce9351d19304c52553c089&t=20240904162136","タカアシ経済特区_ナワバリ_ver.8.0.0.webp","8","images/タカアシ経済特区_ナワバリ.webp","162488","5b96d7a5d1d312f18003ada1a8c456fe54efad4a33d1a07a27745de41487add5"
"タカアシ経済特区","エリア","https://wikiwiki.jp/splatoon3mix/%E3%82%B9%E3%83%86%E3%83%BC%E3%82%B8/%E3%82%BF%E3%82%AB%E3%82%A2%E3%82%B7%E7%B5%8C%E6%B8%88%E7%89%B9%E5%8C%BA","https://cdn.wikiwiki.jp/to/w/splatoon3mix/%E3%82%B9%E3%83%86%E3%83%BC%E3%82%B8/%E3%82%BF%E3%82%AB%E3%82%A2%E3%82%B7%E7%B5%8C%E6%B8%88%E7%89%B9%E5%8C%BA/::ref/%E3%82%BF%E3%82%AB%E3%82%A2%E3%82%B7%E7%B5%8C%E6%B8%88%E7%89%B9%E5%8C%BA_%E3%82%A8%E3%83%AA%E3%82%A2_ver.8.0.0.webp.webp?rev=ecfdb484952dde69e70220ef1196d6aa&t=20240904162129","タカアシ経済特区_エリア_ver.8.0.0.webp","8","images/タカアシ経済特区_エリア.webp","175332","0acf1bd85d8e9aa7a51a834f426d9faa6f4e90c7898229a391e664089adbdb01"
"タカアシ経済特区","ヤグラ","https://wikiwiki.jp/splatoon3mix/%E3%82%B9%E3%83%86%E3%83%BC%E3%82%B8/%E3%82%BF%E3%82%AB%E3%82%A2%E3%82%B7%E7%B5%8C%E6%B8%88%E7%89%B9%E5%8C%BA","https://cdn.wikiwiki.jp/to/w/splatoon3mix/%E3%82%B9%E3%83%86%E3%83%BC%E3%82%B8/%E3%82%BF%E3%82%AB%E3%82%A2%E3%82%B7%E7%B5%8C%E6%B8%88%E7%89%B9%E5%8C%BA/::ref/%E3%82%BF%E3%82%AB%E3%82%A2%E3%82%B7%E7%B5%8C%E6%B8%88%E7%89%B9%E5%8C%BA_%E3%83%A4%E3%82%B0%E3%83%A9.webp.webp?rev=00dc9889273fb4233f8aec0fb1a5b922&t=20230907160255","タカアシ経済特区_ヤグラ.webp","0","images/タカアシ経済特区_ヤグラ.webp","155662","efbc77e92dba5dcec04177dba02b185bef55d1a900e4dc401eb77e9b28598562"
"タカアシ経済特区","ホコ","https://wikiwiki.jp/splatoon3mix/%E3%82%B9%E3%83%86%E3%83%BC%E3%82%B8/%E3%82%BF%E3%82%AB%E3%82%A2%E3%82%B7%E7%B5%8C%E6%B8%88%E7%89%B9%E5%8C%BA","https://cdn.wikiwiki.jp/to/w/splatoon3mix/%E3%82%B9%E3%83%86%E3%83%BC%E3%82%B8/%E3%82%BF%E3%82%AB%E3%82%A2%E3%82%B7%E7%B5%8C%E6%B8%88%E7%89%B9%E5%8C%BA/::ref/%E3%82%BF%E3%82%AB%E3%82%A2%E3%82%B7%E7%B5%8C%E6%B8%88%E7%89%B9%E5%8C%BA_%E3%83%9B%E3%82%B3.webp.webp?rev=94cc8c71c7d1eb99f6ba0e91420f03b5&t=20230907160302","タカアシ経済特区_ホコ.webp","0","images/タカアシ経済特区_ホコ.webp","191524","7a8dd624cb1d531285a583049f66bca7f6f920a67433f5b00bf10813d7c0ebe8"
"タカアシ経済特区","アサリ","https://wikiwiki.jp/splatoon3mix/%E3%82%B9%E3%83%86%E3%83%BC%E3%82%B8/%E3%82%BF%E3%82%AB%E3%82%A2%E3%82%B7%E7%B5%8C%E6%B8%88%E7%89%B9%E5%8C%BA","https://cdn.wikiwiki.jp/to/w/splatoon3mix/%E3%82%B9%E3%83%86%E3%83%BC%E3%82%B8/%E3%82%BF%E3%82%AB%E3%82%A2%E3%82%B7%E7%B5%8C%E6%B8%88%E7%89%B9%E5%8C%BA/::ref/%E3%82%BF%E3%82%AB%E3%82%A2%E3%82%B7%E7%B5%8C%E6%B8%88%E7%89%B9%E5%8C%BA_%E3%82%A2%E3%82%B5%E3%83%AA.webp.webp?rev=716621d1b82cb2a3ddb79d54d3c7f902&t=20230907160313","タカアシ経済特区_アサリ.webp","0","images/タカアシ経済特区_アサリ.webp","176656","076337eac6032470068fc64af40959862b363d3f83ec5bdd6adaf163dcf33ac8"
"タラポートショッピングパーク","ナワバリ","https://wikiwiki.jp/splatoon3mix/%E3%82%B9%E3%83%86%E3%83%BC%E3%82%B8/%E3%82%BF%E3%83%A9%E3%83%9D%E3%83%BC%E3%83%88%E3%82%B7%E3%83%A7%E3%83%83%E3%83%94%E3%83%B3%E3%82%B0%E3%83%91%E3%83%BC%E3%82%AF","https://cdn.wikiwiki.jp/to/w/splatoon3mix/%E3%82%B9%E3%83%86%E3%83%BC%E3%82%B8/%E3%82%BF%E3%83%A9%E3%83%9D%E3%83%BC%E3%83%88%E3%82%B7%E3%83%A7%E3%83%83%E3%83%94%E3%83%B3%E3%82%B0%E3%83%91%E3%83%BC%E3%82%AF/::ref/%E3%82%BF%E3%83%A9%E3%83%9D%E3%83%BC%E3%83%88%E3%82%B7%E3%83%A7%E3%83%83%E3%83%94%E3%83%B3%E3%82%B0%E3%83%91%E3%83%BC%E3%82%AF_%E3%83%8A%E3%83%AF%E3%83%90%E3%83%AA_ver.8.0.0.webp.webp?rev=6f7863218a280a2d12e2fde5abfc0cce&t=20240816103823","タラポートショッピングパーク_ナワバリ_ver.8.0.0.webp","8","images/タラポートショッピングパーク_ナワバリ.webp","184526","d134b6917423d2b5f678f5284fcdab669bfa81aa92732d6f7175566874cce3da"
"タラポートショッピングパーク","エリア","https://wikiwiki.jp/splatoon3mix/%E3%82%B9%E3%83%86%E3%83%BC%E3%82%B8/%E3%82%BF%E3%83%A9%E3%83%9D%E3%83%BC%E3%83%88%E3%82%B7%E3%83%A7%E3%83%83%E3%83%94%E3%83%B3%E3%82%B0%E3%83%91%E3%83%BC%E3%82%AF","https://cdn.wikiwiki.jp/to/w/splatoon3mix/%E3%82%B9%E3%83%86%E3%83%BC%E3%82%B8/%E3%82%BF%E3%83%A9%E3%83%9D%E3%83%BC%E3%83%88%E3%82%B7%E3%83%A7%E3%83%83%E3%83%94%E3%83%B3%E3%82%B0%E3%83%91%E3%83%BC%E3%82%AF/::ref/%E3%82%BF%E3%83%A9%E3%83%9D%E3%83%BC%E3%83%88%E3%82%B7%E3%83%A7%E3%83%83%E3%83%94%E3%83%B3%E3%82%B0%E3%83%91%E3%83%BC%E3%82%AF_%E3%82%A8%E3%83%AA%E3%82%A2_ver.8.0.0.webp.webp?rev=4e15c98944e2df97398099b31cc51eac&t=20240816103820","タラポートショッピングパーク_エリア_ver.8.0.0.webp","8","images/タラポートショッピングパーク_エリア.webp","198630","c43e4af25095fce80e1e37d31597b1ade8a4d919b1b7ef23dfe6b2c0104d9844"
"タラポートショッピングパーク","ヤグラ","https://wikiwiki.jp/splatoon3mix/%E3%82%B9%E3%83%86%E3%83%BC%E3%82%B8/%E3%82%BF%E3%83%A9%E3%83%9D%E3%83%BC%E3%83%88%E3%82%B7%E3%83%A7%E3%83%83%E3%83%94%E3%83%B3%E3%82%B0%E3%83%91%E3%83%BC%E3%82%AF","https://cdn.wikiwiki.jp/to/w/splatoon3mix/%E3%82%B9%E3%83%86%E3%83%BC%E3%82%B8/%E3%82%BF%E3%83%A9%E3%83%9D%E3%83%BC%E3%83%88%E3%82%B7%E3%83%A7%E3%83%83%E3%83%94%E3%83%B3%E3%82%B0%E3%83%91%E3%83%BC%E3%82%AF/::ref/%E3%82%BF%E3%83%A9%E3%83%9D%E3%83%BC%E3%83%88%E3%82%B7%E3%83%A7%E3%83%83%E3%83%94%E3%83%B3%E3%82%B0%E3%83%91%E3%83%BC%E3%82%AF_%E3%83%A4%E3%82%B0%E3%83%A9_ver.8.0.0.webp.webp?rev=603f029fcdb8e39beec0b80994210a84&t=20240816103828","タラポートショッピングパーク_ヤグラ_ver.8.0.0.webp","8","images/タラポートショッピングパーク_ヤグラ.webp","167772","7394d419251e55b0f3b6a399f3cdd99a46a121a14074d8decc9409c0225a3815"
"タラポートショッピングパーク","ホコ","https://wikiwiki.jp/splatoon3mix/%E3%82%B9%E3%83%86%E3%83%BC%E3%82%B8/%E3%82%BF%E3%83%A9%E3%83%9D%E3%83%BC%E3%83%88%E3%82%B7%E3%83%A7%E3%83%83%E3%83%94%E3%83%B3%E3%82%B0%E3%83%91%E3%83%BC%E3%82%AF","https://cdn.wikiwiki.jp/to/w/splatoon3mix/%E3%82%B9%E3%83%86%E3%83%BC%E3%82%B8/%E3%82%BF%E3%83%A9%E3%83%9D%E3%83%BC%E3%83%88%E3%82%B7%E3%83%A7%E3%83%83%E3%83%94%E3%83%B3%E3%82%B0%E3%83%91%E3%83%BC%E3%82%AF/::ref/%E3%82%BF%E3%83%A9%E3%83%9D%E3%83%BC%E3%83%88%E3%82%B7%E3%83%A7%E3%83%83%E3%83%94%E3%83%B3%E3%82%B0%E3%83%91%E3%83%BC%E3%82%AF_%E3%83%9B%E3%82%B3_ver.8.0.0.webp.webp?rev=6d16e4cdf1f8bacc274884ef34aaf679&t=20240816103826","タラポートショッピングパーク_ホコ_ver.8.0.0.webp","8","images/タラポートショッピングパーク_ホコ.webp","201628","5691114a1b8418bcab0c5e6e2c6dc9e2dd7f5e1aa5f7a0185ca647dfad964e54"
"タラポートショッピングパーク","アサリ","https://wikiwiki.jp/splatoon3mix/%E3%82%B9%E3%83%86%E3%83%BC%E3%82%B8/%E3%82%BF%E3%83%A9%E3%83%9D%E3%83%BC%E3%83%88%E3%82%B7%E3%83%A7%E3%83%83%E3%83%94%E3%83%B3%E3%82%B0%E3%83%91%E3%83%BC%E3%82%AF","https://cdn.wikiwiki.jp/to/w/splatoon3mix/%E3%82%B9%E3%83%86%E3%83%BC%E3%82%B8/%E3%82%BF%E3%83%A9%E3%83%9D%E3%83%BC%E3%83%88%E3%82%B7%E3%83%A7%E3%83%83%E3%83%94%E3%83%B3%E3%82%B0%E3%83%91%E3%83%BC%E3%82%AF/::ref/%E3%82%BF%E3%83%A9%E3%83%9D%E3%83%BC%E3%83%88%E3%82%B7%E3%83%A7%E3%83%83%E3%83%94%E3%83%B3%E3%82%B0%E3%83%91%E3%83%BC%E3%82%AF_%E3%82%A2%E3%82%B5%E3%83%AA_ver.8.0.0.webp.webp?rev=ccc0457367c3d082074d8c81e2dfc849&t=20240816103813","タラポートショッピングパーク_アサリ_ver.8.0.0.webp","8","images/タラポートショッピングパーク_アサリ.webp","186428","03bc6affa69356e870e93754816815cb14ce7f82461b73d13ec00c6749e7431a"
"チョウザメ造船","ナワバリ","https://wikiwiki.jp/splatoon3mix/%E3%82%B9%E3%83%86%E3%83%BC%E3%82%B8/%E3%83%81%E3%83%A7%E3%82%A6%E3%82%B6%E3%83%A1%E9%80%A0%E8%88%B9","https://cdn.wikiwiki.jp/to/w/splatoon3mix/%E3%82%B9%E3%83%86%E3%83%BC%E3%82%B8/%E3%83%81%E3%83%A7%E3%82%A6%E3%82%B6%E3%83%A1%E9%80%A0%E8%88%B9/::ref/%E3%83%81%E3%83%A7%E3%82%A6%E3%82%B6%E3%83%A1%E9%80%A0%E8%88%B9_%E3%83%8A%E3%83%AF%E3%83%90%E3%83%AA.webp.webp?rev=2bb493e98727db1dfe0038a962a44a72&t=20221110192813","チョウザメ造船_ナワバリ.webp","0","images/チョウザメ造船_ナワバリ.webp","185528","8f6c4745272e9eb2b0425401a4c11bd7aaca02b783266e84c83f26e6710aa243"
"チョウザメ造船","エリア","https://wikiwiki.jp/splatoon3mix/%E3%82%B9%E3%83%86%E3%83%BC%E3%82%B8/%E3%83%81%E3%83%A7%E3%82%A6%E3%82%B6%E3%83%A1%E9%80%A0%E8%88%B9","https://cdn.wikiwiki.jp/to/w/splatoon3mix/%E3%82%B9%E3%83%86%E3%83%BC%E3%82%B8/%E3%83%81%E3%83%A7%E3%82%A6%E3%82%B6%E3%83%A1%E9%80%A0%E8%88%B9/::ref/%E3%83%81%E3%83%A7%E3%82%A6%E3%82%B6%E3%83%A1%E9%80%A0%E8%88%B9_%E3%82%A8%E3%83%AA%E3%82%A2.webp.webp?rev=34090671438c8d95ec794152ae9f615f&t=20221110192823","チョウザメ造船_エリア.webp","0","images/チョウザメ造船_エリア.webp","196336","a95421efb1257f5bc32b22c5fe43923d862bc3e1c648c48837f492f0af7e0ae2"
"チョウザメ造船","ヤグラ","https://wikiwiki.jp/splatoon3mix/%E3%82%B9%E3%83%86%E3%83%BC%E3%82%B8/%E3%83%81%E3%83%A7%E3%82%A6%E3%82%B6%E3%83%A1%E9%80%A0%E8%88%B9","https://cdn.wikiwiki.jp/to/w/splatoon3mix/%E3%82%B9%E3%83%86%E3%83%BC%E3%82%B8/%E3%83%81%E3%83%A7%E3%82%A6%E3%82%B6%E3%83%A1%E9%80%A0%E8%88%B9/::ref/%E3%83%81%E3%83%A7%E3%82%A6%E3%82%B6%E3%83%A1%E9%80%A0%E8%88%B9_%E3%83%A4%E3%82%B0%E3%83%A9.webp.webp?rev=90e475be226379a8075c3f68e36e6dd4&t=20221110192842","チョウザメ造船_ヤグラ.webp","0","images/チョウザメ造船_ヤグラ.webp","181036","6255ca57cd826a854ad71363dc9405c5752bc93c1f1188aa6160faea3b495664"
"チョウザメ造船","ホコ","https://wikiwiki.jp/splatoon3mix/%E3%82%B9%E3%83%86%E3%83%BC%E3%82%B8/%E3%83%81%E3%83%A7%E3%82%A6%E3%82%B6%E3%83%A1%E9%80%A0%E8%88%B9","https://cdn.wikiwiki.jp/to/w/splatoon3mix/%E3%82%B9%E3%83%86%E3%83%BC%E3%82%B8/%E3%83%81%E3%83%A7%E3%82%A6%E3%82%B6%E3%83%A1%E9%80%A0%E8%88%B9/::ref/%E3%83%81%E3%83%A7%E3%82%A6%E3%82%B6%E3%83%A1%E9%80%A0%E8%88%B9_%E3%83%9B%E3%82%B3.webp.webp?rev=2de7d5e7aece281c9723979699936bf5&t=20221110192851","チョウザメ造船_ホコ.webp","0","images/チョウザメ造船_ホコ.webp","214110","ad4b456ff55dd066bfc7b604401fbd204718a79810bb7b4a6b51cb448ff81f58"
"チョウザメ造船","アサリ","https://wikiwiki.jp/splatoon3mix/%E3%82%B9%E3%83%86%E3%83%BC%E3%82%B8/%E3%83%81%E3%83%A7%E3%82%A6%E3%82%B6%E3%83%A1%E9%80%A0%E8%88%B9","https://cdn.wikiwiki.jp/to/w/splatoon3mix/%E3%82%B9%E3%83%86%E3%83%BC%E3%82%B8/%E3%83%81%E3%83%A7%E3%82%A6%E3%82%B6%E3%83%A1%E9%80%A0%E8%88%B9/::ref/%E3%83%81%E3%83%A7%E3%82%A6%E3%82%B6%E3%83%A1%E9%80%A0%E8%88%B9_%E3%82%A2%E3%82%B5%E3%83%AA.webp.webp?rev=bd307244b150dcb0ea7a11cc1d32260f&t=20221110192902","チョウザメ造船_アサリ.webp","0","images/チョウザメ造船_アサリ.webp","197962","7b93a58b71673ff9e7c893b103cabd3f2eefdf772f6dd58a797ffc6c1939ea36"
"デカライン高架下","ナワバリ","https://wikiwiki.jp/splatoon3mix/%E3%82%B9%E3%83%86%E3%83%BC%E3%82%B8/%E3%83%87%E3%82%AB%E3%83%A9%E3%82%A4%E3%83%B3%E9%AB%98%E6%9E%B6%E4%B8%8B","https://cdn.wikiwiki.jp/to/w/splatoon3mix/%E3%82%B9%E3%83%86%E3%83%BC%E3%82%B8/%E3%83%87%E3%82%AB%E3%83%A9%E3%82%A4%E3%83%B3%E9%AB%98%E6%9E%B6%E4%B8%8B/::ref/%E3%83%87%E3%82%AB%E3%83%A9%E3%82%A4%E3%83%B3%E9%AB%98%E6%9E%B6%E4%B8%8B_%E3%83%8A%E3%83%AF%E3%83%90%E3%83%AA.webp.webp?rev=7d7686ccb108228866b1bf65af9dfa3f&t=20250614144054","デカライン高架下_ナワバリ.webp","0","images/デカライン高架下_ナワバリ.webp","234036","87e4cab1834709393e7ba8905fb14f3c2962f63c94181b410485483b63cc82d8"
"デカライン高架下","エリア","https://wikiwiki.jp/splatoon3mix/%E3%82%B9%E3%83%86%E3%83%BC%E3%82%B8/%E3%83%87%E3%82%AB%E3%83%A9%E3%82%A4%E3%83%B3%E9%AB%98%E6%9E%B6%E4%B8%8B","https://cdn.wikiwiki.jp/to/w/splatoon3mix/%E3%82%B9%E3%83%86%E3%83%BC%E3%82%B8/%E3%83%87%E3%82%AB%E3%83%A9%E3%82%A4%E3%83%B3%E9%AB%98%E6%9E%B6%E4%B8%8B/::ref/%E3%83%87%E3%82%AB%E3%83%A9%E3%82%A4%E3%83%B3%E9%AB%98%E6%9E%B6%E4%B8%8B_%E3%82%A8%E3%83%AA%E3%82%A2.webp.webp?rev=0fdf681a97847cd353ced79dc22303d2&t=20250614144051","デカライン高架下_エリア.webp","0","images/デカライン高架下_エリア.webp","239882","ef0a62456f28d1198b275eb393e62e2a25f70a38e9d33b4fb9376c8d9ffe857d"
"デカライン高架下","ヤグラ","https://wikiwiki.jp/splatoon3mix/%E3%82%B9%E3%83%86%E3%83%BC%E3%82%B8/%E3%83%87%E3%82%AB%E3%83%A9%E3%82%A4%E3%83%B3%E9%AB%98%E6%9E%B6%E4%B8%8B","https://cdn.wikiwiki.jp/to/w/splatoon3mix/%E3%82%B9%E3%83%86%E3%83%BC%E3%82%B8/%E3%83%87%E3%82%AB%E3%83%A9%E3%82%A4%E3%83%B3%E9%AB%98%E6%9E%B6%E4%B8%8B/::ref/%E3%83%87%E3%82%AB%E3%83%A9%E3%82%A4%E3%83%B3%E9%AB%98%E6%9E%B6%E4%B8%8B_%E3%83%A4%E3%82%B0%E3%83%A9.webp.webp?rev=2d245c71c58020bf9b5ab7e84bdcdb05&t=20250614144100","デカライン高架下_ヤグラ.webp","0","images/デカライン高架下_ヤグラ.webp","225332","e364b8e8c359abaf9334a92e2fcdee2f3cf6e7b384aea7e50ab0e14f6e074256"
"デカライン高架下","ホコ","https://wikiwiki.jp/splatoon3mix/%E3%82%B9%E3%83%86%E3%83%BC%E3%82%B8/%E3%83%87%E3%82%AB%E3%83%A9%E3%82%A4%E3%83%B3%E9%AB%98%E6%9E%B6%E4%B8%8B","https://cdn.wikiwiki.jp/to/w/splatoon3mix/%E3%82%B9%E3%83%86%E3%83%BC%E3%82%B8/%E3%83%87%E3%82%AB%E3%83%A9%E3%82%A4%E3%83%B3%E9%AB%98%E6%9E%B6%E4%B8%8B/::ref/%E3%83%87%E3%82%AB%E3%83%A9%E3%82%A4%E3%83%B3%E9%AB%98%E6%9E%B6%E4%B8%8B_%E3%83%9B%E3%82%B3.webp.webp?rev=3c121ced5869c135365036ac0491c8ed&t=20250614144057","デカライン高架下_ホコ.webp","0","images/デカライン高架下_ホコ.webp","30218","ec46eb13c97f2d2906368ca5596d9bad1f3de47fc005410960a58c2d8cb4fb17"
"デカライン高架下","アサリ","https://wikiwiki.jp/splatoon3mix/%E3%82%B9%E3%83%86%E3%83%BC%E3%82%B8/%E3%83%87%E3%82%AB%E3%83%A9%E3%82%A4%E3%83%B3%E9%AB%98%E6%9E%B6%E4%B8%8B","https://cdn.wikiwiki.jp/to/w/splatoon3mix/%E3%82%B9%E3%83%86%E3%83%BC%E3%82%B8/%E3%83%87%E3%82%AB%E3%83%A9%E3%82%A4%E3%83%B3%E9%AB%98%E6%9E%B6%E4%B8%8B/::ref/%E3%83%87%E3%82%AB%E3%83%A9%E3%82%A4%E3%83%B3%E9%AB%98%E6%9E%B6%E4%B8%8B_%E3%82%A2%E3%82%B5%E3%83%AA.webp.webp?rev=1e7fa9a66ccfd48ab8cf94095080f3b3&t=20250614143954","デカライン高架下_アサリ.webp","0","images/デカライン高架下_アサリ.webp","238508","dd53797ada4eedc64d590f16421d9dc154d42e66623b5017ba5e3b5729a9858e"
"ナメロウ金属","ナワバリ","https://wikiwiki.jp/splatoon3mix/%E3%82%B9%E3%83%86%E3%83%BC%E3%82%B8/%E3%83%8A%E3%83%A1%E3%83%AD%E3%82%A6%E9%87%91%E5%B1%9E","https://cdn.wikiwiki.jp/to/w/splatoon3mix/%E3%82%B9%E3%83%86%E3%83%BC%E3%82%B8/%E3%83%8A%E3%83%A1%E3%83%AD%E3%82%A6%E9%87%91%E5%B1%9E/::ref/%E3%83%8A%E3%83%A1%E3%83%AD%E3%82%A6%E9%87%91%E5%B1%9E_%E3%83%8A%E3%83%AF%E3%83%90%E3%83%AA_ver6.1.0.webp.webp?rev=18d8aa608fe2c99e7321f8c3eafabd83&t=20240125183031","ナメロウ金属_ナワバリ_ver6.1.0.webp","6.1","images/ナメロウ金属_ナワバリ.webp","185946","2e75c97037767b0f13ba4cf89cf94d07dc84712577197fd8ff8a3f16c33bd9ee"
"ナメロウ金属","エリア","https://wikiwiki.jp/splatoon3mix/%E3%82%B9%E3%83%86%E3%83%BC%E3%82%B8/%E3%83%8A%E3%83%A1%E3%83%AD%E3%82%A6%E9%87%91%E5%B1%9E","https://cdn.wikiwiki.jp/to/w/splatoon3mix/%E3%82%B9%E3%83%86%E3%83%BC%E3%82%B8/%E3%83%8A%E3%83%A1%E3%83%AD%E3%82%A6%E9%87%91%E5%B1%9E/::ref/%E3%83%8A%E3%83%A1%E3%83%AD%E3%82%A6%E9%87%91%E5%B1%9E_%E3%82%A8%E3%83%AA%E3%82%A2_ver6.1.0.webp.webp?rev=142cedcdf49410a1b7467db489044940&t=20240125183044","ナメロウ金属_エリア_ver6.1.0.webp","6.1","images/ナメロウ金属_エリア.webp","193764","c2b87961f60c2a4ba3fc82ce86af28635c1295f42dbcdbfd9ed9a3131f697409"
"ナメロウ金属","ヤグラ","https://wikiwiki.jp/splatoon3mix/%E3%82%B9%E3%83%86%E3%83%BC%E3%82%B8/%E3%83%8A%E3%83%A1%E3%83%AD%E3%82%A6%E9%87%91%E5%B1%9E","https://cdn.wikiwiki.jp/to/w/splatoon3mix/%E3%82%B9%E3%83%86%E3%83%BC%E3%82%B8/%E3%83%8A%E3%83%A1%E3%83%AD%E3%82%A6%E9%87%91%E5%B1%9E/::ref/%E3%83%8A%E3%83%A1%E3%83%AD%E3%82%A6%E9%87%91%E5%B1%9E_%E3%83%A4%E3%82%B0%E3%83%A9_ver6.1.0.webp.webp?rev=97db266ae54ea9003da09b963f8b6d42&t=20240125183104","ナメロウ金属_ヤグラ_ver6.1.0.webp","6.1","images/ナメロウ金属_ヤグラ.webp","183212","95a403d22cf2ceda10d4cd59443541a3c8f37a7fb2a1a11ca48515fef1bf3ae4"
"ナメロウ金属","ホコ","https://wikiwiki.jp/splatoon3mix/%E3%82%B9%E3%83%86%E3%83%BC%E3%82%B8/%E3%83%8A%E3%83%A1%E3%83%AD%E3%82%A6%E9%87%91%E5%B1%9E","https://cdn.wikiwiki.jp/to/w/splatoon3mix/%E3%82%B9%E3%83%86%E3%83%BC%E3%82%B8/%E3%83%8A%E3%83%A1%E3%83%AD%E3%82%A6%E9%87%91%E5%B1%9E/::ref/%E3%83%8A%E3%83%A1%E3%83%AD%E3%82%A6%E9%87%91%E5%B1%9E_%E3%83%9B%E3%82%B3_ver6.1.0.webp.webp?rev=e23bfe1576c998705abdbc59361bdeba&t=20240125183112","ナメロウ金属_ホコ_ver6.1.0.webp","6.1","images/ナメロウ金属_ホコ.webp","220364","22d6543cf1bab1bf6412f799c24b60d8ee4dc1dd71ee83d278eff0a184fd6089"
"ナメロウ金属","アサリ","https://wikiwiki.jp/splatoon3mix/%E3%82%B9%E3%83%86%E3%83%BC%E3%82%B8/%E3%83%8A%E3%83%A1%E3%83%AD%E3%82%A6%E9%87%91%E5%B1%9E","https://cdn.wikiwiki.jp/to/w/splatoon3mix/%E3%82%B9%E3%83%86%E3%83%BC%E3%82%B8/%E3%83%8A%E3%83%A1%E3%83%AD%E3%82%A6%E9%87%91%E5%B1%9E/::ref/%E3%83%8A%E3%83%A1%E3%83%AD%E3%82%A6%E9%87%91%E5%B1%9E_%E3%82%A2%E3%82%B5%E3%83%AA_ver6.1.0.webp.webp?rev=8d452887a42d9c143b4a4815d097c389&t=20240125183121","ナメロウ金属_アサリ_ver6.1.0.webp","6.1","images/ナメロウ金属_アサリ.webp","197028","1634750a70479e20b77eed579d55d8af4de2e70e7bb49359d03dafcfb8fc0add"
"ナンプラー遺跡","ナワバリ","https://wikiwiki.jp/splatoon3mix/%E3%82%B9%E3%83%86%E3%83%BC%E3%82%B8/%E3%83%8A%E3%83%B3%E3%83%97%E3%83%A9%E3%83%BC%E9%81%BA%E8%B7%A1","https://cdn.wikiwiki.jp/to/w/splatoon3mix/%E3%82%B9%E3%83%86%E3%83%BC%E3%82%B8/%E3%83%8A%E3%83%B3%E3%83%97%E3%83%A9%E3%83%BC%E9%81%BA%E8%B7%A1/::ref/%E3%83%8A%E3%83%B3%E3%83%97%E3%83%A9%E3%83%BC%E9%81%BA%E8%B7%A1_%E3%83%8A%E3%83%AF%E3%83%90%E3%83%AA_ver.8.0.0.webp.webp?rev=e43aaa3964e1332f695e6443165af6bd&t=20240816093655","ナンプラー遺跡_ナワバリ_ver.8.0.0.webp","8","images/ナンプラー遺跡_ナワバリ.webp","139532","845a36db72f07f79b2e7a0289dc4743afeb2f899d2aa8f592ddc909e4f53dcc6"
"ナンプラー遺跡","エリア","https://wikiwiki.jp/splatoon3mix/%E3%82%B9%E3%83%86%E3%83%BC%E3%82%B8/%E3%83%8A%E3%83%B3%E3%83%97%E3%83%A9%E3%83%BC%E9%81%BA%E8%B7%A1","https://cdn.wikiwiki.jp/to/w/splatoon3mix/%E3%82%B9%E3%83%86%E3%83%BC%E3%82%B8/%E3%83%8A%E3%83%B3%E3%83%97%E3%83%A9%E3%83%BC%E9%81%BA%E8%B7%A1/::ref/%E3%83%8A%E3%83%B3%E3%83%97%E3%83%A9%E3%83%BC%E9%81%BA%E8%B7%A1_%E3%82%A8%E3%83%AA%E3%82%A2_ver.8.0.0.webp.webp?rev=2f50aa8dfcb00c04ab388ba7fbcc61de&t=20240816093652","ナンプラー遺跡_エリア_ver.8.0.0.webp","8","images/ナンプラー遺跡_エリア.webp","151606","df760c820d04d5899177a0f4a2f1ea7bc9e17503c768a6d66f42639d9a22d920"
"ナンプラー遺跡","ヤグラ","https://wikiwiki.jp/splatoon3mix/%E3%82%B9%E3%83%86%E3%83%BC%E3%82%B8/%E3%83%8A%E3%83%B3%E3%83%97%E3%83%A9%E3%83%BC%E9%81%BA%E8%B7%A1","https://cdn.wikiwiki.jp/to/w/splatoon3mix/%E3%82%B9%E3%83%86%E3%83%BC%E3%82%B8/%E3%83%8A%E3%83%B3%E3%83%97%E3%83%A9%E3%83%BC%E9%81%BA%E8%B7%A1/::ref/%E3%83%8A%E3%83%B3%E3%83%97%E3%83%A9%E3%83%BC%E9%81%BA%E8%B7%A1_%E3%83%A4%E3%82%B0%E3%83%A9_ver.8.0.0.webp.webp?rev=28a897b6dcc9a395bd5ced19b0ded286&t=20240816093704","ナンプラー遺跡_ヤグラ_ver.8.0.0.webp","8","images/ナンプラー遺跡_ヤグラ.webp","141406","c6c53084a12d2b73209761e27c8b0b518a5f79863203671cf466b9246f784d7e"
"ナンプラー遺跡","ホコ","https://wikiwiki.jp/splatoon3mix/%E3%82%B9%E3%83%86%E3%83%BC%E3%82%B8/%E3%83%8A%E3%83%B3%E3%83%97%E3%83%A9%E3%83%BC%E9%81%BA%E8%B7%A1","https://cdn.wikiwiki.jp/to/w/splatoon3mix/%E3%82%B9%E3%83%86%E3%83%BC%E3%82%B8/%E3%83%8A%E3%83%B3%E3%83%97%E3%83%A9%E3%83%BC%E9%81%BA%E8%B7%A1/::ref/%E3%83%8A%E3%83%B3%E3%83%97%E3%83%A9%E3%83%BC%E9%81%BA%E8%B7%A1_%E3%83%9B%E3%82%B3_ver.8.0.0.webp.webp?rev=d06af1a022045889b100513ad3579496&t=20240816093701","ナンプラー遺跡_ホコ_ver.8.0.0.webp","8","images/ナンプラー遺跡_ホコ.webp","162330","3e5e60d4e88188275fd59e6d414b13297f62d9bc57aefce810504dea19b82d59"
"ナンプラー遺跡","アサリ","https://wikiwiki.jp/splatoon3mix/%E3%82%B9%E3%83%86%E3%83%BC%E3%82%B8/%E3%83%8A%E3%83%B3%E3%83%97%E3%83%A9%E3%83%BC%E9%81%BA%E8%B7%A1","https://cdn.wikiwiki.jp/to/w/splatoon3mix/%E3%82%B9%E3%83%86%E3%83%BC%E3%82%B8/%E3%83%8A%E3%83%B3%E3%83%97%E3%83%A9%E3%83%BC%E9%81%BA%E8%B7%A1/::ref/%E3%83%8A%E3%83%B3%E3%83%97%E3%83%A9%E3%83%BC%E9%81%BA%E8%B7%A1_%E3%82%A2%E3%82%B5%E3%83%AA_ver.8.0.0.webp.webp?rev=06f79aa7b3427b11969f510537818e2c&t=20240816093644","ナンプラー遺跡_アサリ_ver.8.0.0.webp","8","images/ナンプラー遺跡_アサリ.webp","152858","bf6b506f6b7a4dcd67fa4221b806d9c97e66b3725272bc1157b91f36138c5141"
"ネギトロ炭鉱","ナワバリ","https://wikiwiki.jp/splatoon3mix/%E3%82%B9%E3%83%86%E3%83%BC%E3%82%B8/%E3%83%8D%E3%82%AE%E3%83%88%E3%83%AD%E7%82%AD%E9%89%B1","https://cdn.wikiwiki.jp/to/w/splatoon3mix/%E3%82%B9%E3%83%86%E3%83%BC%E3%82%B8/%E3%83%8D%E3%82%AE%E3%83%88%E3%83%AD%E7%82%AD%E9%89%B1/::ref/%E3%83%8D%E3%82%AE%E3%83%88%E3%83%AD%E7%82%AD%E9%89%B1_%E3%83%8A%E3%83%AF%E3%83%90%E3%83%AA.webp.webp?rev=ebf8917a8330973183d00933148dd05d&t=20231225182024","ネギトロ炭鉱_ナワバリ.webp","0","images/ネギトロ炭鉱_ナワバリ.webp","150246","5642e3f98efd202ff3bc0b8abc8698fb737654b168f7a19bc8c88c0aa75f7806"
"ネギトロ炭鉱","エリア","https://wikiwiki.jp/splatoon3mix/%E3%82%B9%E3%83%86%E3%83%BC%E3%82%B8/%E3%83%8D%E3%82%AE%E3%83%88%E3%83%AD%E7%82%AD%E9%89%B1","https://cdn.wikiwiki.jp/to/w/splatoon3mix/%E3%82%B9%E3%83%86%E3%83%BC%E3%82%B8/%E3%83%8D%E3%82%AE%E3%83%88%E3%83%AD%E7%82%AD%E9%89%B1/::ref/%E3%83%8D%E3%82%AE%E3%83%88%E3%83%AD%E7%82%AD%E9%89%B1_%E3%82%A8%E3%83%AA%E3%82%A2_%E7%A2%BA%E4%BF%9D.webp.webp?rev=f8de16bbff75ef5425bf4fb9b7a73731&t=20231225182409","ネギトロ炭鉱_エリア_確保.webp","0","images/ネギトロ炭鉱_エリア.webp","177406","bc0f91e514a4d7042619ccdde578d32df9d5bd5f3e400f81b2db32da5be23cd4"
"ネギトロ炭鉱","ヤグラ","https://wikiwiki.jp/splatoon3mix/%E3%82%B9%E3%83%86%E3%83%BC%E3%82%B8/%E3%83%8D%E3%82%AE%E3%83%88%E3%83%AD%E7%82%AD%E9%89%B1","https://cdn.wikiwiki.jp/to/w/splatoon3mix/%E3%82%B9%E3%83%86%E3%83%BC%E3%82%B8/%E3%83%8D%E3%82%AE%E3%83%88%E3%83%AD%E7%82%AD%E9%89%B1/::ref/%E3%83%8D%E3%82%AE%E3%83%88%E3%83%AD%E7%82%AD%E9%89%B1_%E3%83%A4%E3%82%B0%E3%83%A9.webp.webp?rev=1995eb3a0f39d1069f6f9d99e3dea0ab&t=20231225182055","ネギトロ炭鉱_ヤグラ.webp","0","images/ネギトロ炭鉱_ヤグラ.webp","159246","a388444646faabd9a1d8ef38688c63b832d201e1f1f9e9e69d174a1e5c175fe1"
"ネギトロ炭鉱","ホコ","https://wikiwiki.jp/splatoon3mix/%E3%82%B9%E3%83%86%E3%83%BC%E3%82%B8/%E3%83%8D%E3%82%AE%E3%83%88%E3%83%AD%E7%82%AD%E9%89%B1","https://cdn.wikiwiki.jp/to/w/splatoon3mix/%E3%82%B9%E3%83%86%E3%83%BC%E3%82%B8/%E3%83%8D%E3%82%AE%E3%83%88%E3%83%AD%E7%82%AD%E9%89%B1/::ref/%E3%83%8D%E3%82%AE%E3%83%88%E3%83%AD%E7%82%AD%E9%89%B1_%E3%83%9B%E3%82%B3.webp.webp?rev=f575aceb7e83c83dabdd26ffba4c821c&t=20231225182105","ネギトロ炭鉱_ホコ.webp","0","images/ネギトロ炭鉱_ホコ.webp","204758","e34b2026d62328b94de913995a340f553540ace84f0cb59469c74267b1198d51"
"ネギトロ炭鉱","アサリ","https://wikiwiki.jp/splatoon3mix/%E3%82%B9%E3%83%86%E3%83%BC%E3%82%B8/%E3%83%8D%E3%82%AE%E3%83%88%E3%83%AD%E7%82%AD%E9%89%B1","https://cdn.wikiwiki.jp/to/w/splatoon3mix/%E3%82%B9%E3%83%86%E3%83%BC%E3%82%B8/%E3%83%8D%E3%82%AE%E3%83%88%E3%83%AD%E7%82%AD%E9%89%B1/::ref/%E3%83%8D%E3%82%AE%E3%83%88%E3%83%AD%E7%82%AD%E9%89%B1_%E3%82%A2%E3%82%B5%E3%83%AA_ver.8.0.0.webp.webp?rev=35ec146bb6cb278fcc87329f5727a453&t=20240904163317","ネギトロ炭鉱_アサリ_ver.8.0.0.webp","8","images/ネギトロ炭鉱_アサリ.webp","172604","14311be89fed3ed94ca24d5cbee82d0bbe6bd42d7cd6dac041980de1dbe2e3ac"
"バイガイ亭","ナワバリ","https://wikiwiki.jp/splatoon3mix/%E3%82%B9%E3%83%86%E3%83%BC%E3%82%B8/%E3%83%90%E3%82%A4%E3%82%AC%E3%82%A4%E4%BA%AD","https://cdn.wikiwiki.jp/to/w/splatoon3mix/%E3%82%B9%E3%83%86%E3%83%BC%E3%82%B8/%E3%83%90%E3%82%A4%E3%82%AC%E3%82%A4%E4%BA%AD/::ref/%E3%83%90%E3%82%A4%E3%82%AC%E3%82%A4%E4%BA%AD_%E3%83%8A%E3%83%AF%E3%83%90%E3%83%AA.webp.webp?rev=30d970552a1c77dd11fb7f167f3bebba&t=20231213154812","バイガイ亭_ナワバリ.webp","0","images/バイガイ亭_ナワバリ.webp","148224","11369f5b27480b0a43cc7f4117d5ecd6dcf3a86ef497a232a441984bb27d8a63"
"バイガイ亭","エリア","https://wikiwiki.jp/splatoon3mix/%E3%82%B9%E3%83%86%E3%83%BC%E3%82%B8/%E3%83%90%E3%82%A4%E3%82%AC%E3%82%A4%E4%BA%AD","https://cdn.wikiwiki.jp/to/w/splatoon3mix/%E3%82%B9%E3%83%86%E3%83%BC%E3%82%B8/%E3%83%90%E3%82%A4%E3%82%AC%E3%82%A4%E4%BA%AD/::ref/%E3%83%90%E3%82%A4%E3%82%AC%E3%82%A4%E4%BA%AD_%E3%82%A8%E3%83%AA%E3%82%A2.webp.webp?rev=dca797e7dbbdf436e3425eda7e82ed02&t=20231213154818","バイガイ亭_エリア.webp","0","images/バイガイ亭_エリア.webp","160624","8207ad59f79f429c9d357dd8dbf2638b302ddd781503a23dcdc4e2dea6b74234"
"バイガイ亭","ヤグラ","https://wikiwiki.jp/splatoon3mix/%E3%82%B9%E3%83%86%E3%83%BC%E3%82%B8/%E3%83%90%E3%82%A4%E3%82%AC%E3%82%A4%E4%BA%AD","https://cdn.wikiwiki.jp/to/w/splatoon3mix/%E3%82%B9%E3%83%86%E3%83%BC%E3%82%B8/%E3%83%90%E3%82%A4%E3%82%AC%E3%82%A4%E4%BA%AD/::ref/%E3%83%90%E3%82%A4%E3%82%AC%E3%82%A4%E4%BA%AD_%E3%83%A4%E3%82%B0%E3%83%A9.webp.webp?rev=704c6a13f1a5fe6a5fdd5c647b238d51&t=20231213154850","バイガイ亭_ヤグラ.webp","0","images/バイガイ亭_ヤグラ.webp","146782","4a60e1617ac5066c7fe67d8e15e29d3ee407c3aebe4b266e69057d88b4f27e93"
"バイガイ亭","ホコ","https://wikiwiki.jp/splatoon3mix/%E3%82%B9%E3%83%86%E3%83%BC%E3%82%B8/%E3%83%90%E3%82%A4%E3%82%AC%E3%82%A4%E4%BA%AD","https://cdn.wikiwiki.jp/to/w/splatoon3mix/%E3%82%B9%E3%83%86%E3%83%BC%E3%82%B8/%E3%83%90%E3%82%A4%E3%82%AC%E3%82%A4%E4%BA%AD/::ref/%E3%83%90%E3%82%A4%E3%82%AC%E3%82%A4%E4%BA%AD_%E3%83%9B%E3%82%B3.webp.webp?rev=980339422775d4d0bd5ba682be1b639a&t=20231213154921","バイガイ亭_ホコ.webp","0","images/バイガイ亭_ホコ.webp","187370","b1ba52169460002193bd5e1809dd074a1c70d0c1d419ed8e2bcb93c697bad3bb"
"バイガイ亭","アサリ","https://wikiwiki.jp/splatoon3mix/%E3%82%B9%E3%83%86%E3%83%BC%E3%82%B8/%E3%83%90%E3%82%A4%E3%82%AC%E3%82%A4%E4%BA%AD","https://cdn.wikiwiki.jp/to/w/splatoon3mix/%E3%82%B9%E3%83%86%E3%83%BC%E3%82%B8/%E3%83%90%E3%82%A4%E3%82%AC%E3%82%A4%E4%BA%AD/::ref/%E3%83%90%E3%82%A4%E3%82%AC%E3%82%A4%E4%BA%AD_%E3%82%A2%E3%82%B5%E3%83%AA.webp.webp?rev=b97fdd32522a14ae82111847af07c99e&t=20231213154928","バイガイ亭_アサリ.webp","0","images/バイガイ亭_アサリ.webp","160386","208ac79c733607ac9ce7b7ca626b6de824adabb9e1482055b5de7f2a32a8ccc4"
"ヒラメが丘団地","ナワバリ","https://wikiwiki.jp/splatoon3mix/%E3%82%B9%E3%83%86%E3%83%BC%E3%82%B8/%E3%83%92%E3%83%A9%E3%83%A1%E3%81%8C%E4%B8%98%E5%9B%A3%E5%9C%B0","https://cdn.wikiwiki.jp/to/w/splatoon3mix/%E3%82%B9%E3%83%86%E3%83%BC%E3%82%B8/%E3%83%92%E3%83%A9%E3%83%A1%E3%81%8C%E4%B8%98%E5%9B%A3%E5%9C%B0/::ref/%E3%83%92%E3%83%A9%E3%83%A1%E3%81%8C%E4%B8%98%E5%9B%A3%E5%9C%B0_%E3%83%8A%E3%83%AF%E3%83%90%E3%83%AA_ver.8.0.0.webp.webp?rev=a6d166121daae79a5ae4bb2ff5def3ca&t=20240809170947","ヒラメが丘団地_ナワバリ_ver.8.0.0.webp","8","images/ヒラメが丘団地_ナワバリ.webp","200280","d8f4bbf3bb9ff2fb5b556341f1f96784d39c86f6c0767d54d97bc45e62c2d827"
"ヒラメが丘団地","エリア","https://wikiwiki.jp/splatoon3mix/%E3%82%B9%E3%83%86%E3%83%BC%E3%82%B8/%E3%83%92%E3%83%A9%E3%83%A1%E3%81%8C%E4%B8%98%E5%9B%A3%E5%9C%B0","https://cdn.wikiwiki.jp/to/w/splatoon3mix/%E3%82%B9%E3%83%86%E3%83%BC%E3%82%B8/%E3%83%92%E3%83%A9%E3%83%A1%E3%81%8C%E4%B8%98%E5%9B%A3%E5%9C%B0/::ref/%E3%83%92%E3%83%A9%E3%83%A1%E3%81%8C%E4%B8%98%E5%9B%A3%E5%9C%B0_%E3%82%A8%E3%83%AA%E3%82%A2_ver.8.0.0.webp.webp?rev=ad52fb08515dc77e69eb4bb816012d67&t=20240809170944","ヒラメが丘団地_エリア_ver.8.0.0.webp","8","images/ヒラメが丘団地_エリア.webp","209076","4e4485a48294b6411427f993503311c34e24e1973a74edd420f98a8cec614102"
"ヒラメが丘団地","ヤグラ","https://wikiwiki.jp/splatoon3mix/%E3%82%B9%E3%83%86%E3%83%BC%E3%82%B8/%E3%83%92%E3%83%A9%E3%83%A1%E3%81%8C%E4%B8%98%E5%9B%A3%E5%9C%B0","https://cdn.wikiwiki.jp/to/w/splatoon3mix/%E3%82%B9%E3%83%86%E3%83%BC%E3%82%B8/%E3%83%92%E3%83%A9%E3%83%A1%E3%81%8C%E4%B8%98%E5%9B%A3%E5%9C%B0/::ref/%E3%83%92%E3%83%A9%E3%83%A1%E3%81%8C%E4%B8%98%E5%9B%A3%E5%9C%B0_%E3%83%A4%E3%82%B0%E3%83%A9_ver.8.0.0.webp.webp?rev=cda0842232ae65a48bca0b438668b181&t=20240809170952","ヒラメが丘団地_ヤグラ_ver.8.0.0.webp","8","images/ヒラメが丘団地_ヤグラ.webp","191270","f625e3a4bbb6223a8e0f4bd9c96ab9317c24b12b9e1359de15c39392c5f3f9af"
"ヒラメが丘団地","ホコ","https://wikiwiki.jp/splatoon3mix/%E3%82%B9%E3%83%86%E3%83%BC%E3%82%B8/%E3%83%92%E3%83%A9%E3%83%A1%E3%81%8C%E4%B8%98%E5%9B%A3%E5%9C%B0","https://cdn.wikiwiki.jp/to/w/splatoon3mix/%E3%82%B9%E3%83%86%E3%83%BC%E3%82%B8/%E3%83%92%E3%83%A9%E3%83%A1%E3%81%8C%E4%B8%98%E5%9B%A3%E5%9C%B0/::ref/%E3%83%92%E3%83%A9%E3%83%A1%E3%81%8C%E4%B8%98%E5%9B%A3%E5%9C%B0_%E3%83%9B%E3%82%B3_ver.8.0.0.webp.webp?rev=0483152cc7409b7c98d2da2d64242546&t=20240809170950","ヒラメが丘団地_ホコ_ver.8.0.0.webp","8","images/ヒラメが丘団地_ホコ.webp","233820","803b90a8e49233447cc9a3b39f087a9197cebfa41baaec4600a2623c36124507"
"ヒラメが丘団地","アサリ","https://wikiwiki.jp/splatoon3mix/%E3%82%B9%E3%83%86%E3%83%BC%E3%82%B8/%E3%83%92%E3%83%A9%E3%83%A1%E3%81%8C%E4%B8%98%E5%9B%A3%E5%9C%B0","https://cdn.wikiwiki.jp/to/w/splatoon3mix/%E3%82%B9%E3%83%86%E3%83%BC%E3%82%B8/%E3%83%92%E3%83%A9%E3%83%A1%E3%81%8C%E4%B8%98%E5%9B%A3%E5%9C%B0/::ref/%E3%83%92%E3%83%A9%E3%83%A1%E3%81%8C%E4%B8%98%E5%9B%A3%E5%9C%B0_%E3%82%A2%E3%82%B5%E3%83%AA_ver.8.0.0.webp.webp?rev=1e74ca2b8d260eb877dead6c3830af78&t=20240809170938","ヒラメが丘団地_アサリ_ver.8.0.0.webp","8","images/ヒラメが丘団地_アサリ.webp","217422","5828047a731a67f833985aedc43a33ff53ec3e3166e9782f995b5866530d7166"
"マサバ海峡大橋","ナワバリ","https://wikiwiki.jp/splatoon3mix/%E3%82%B9%E3%83%86%E3%83%BC%E3%82%B8/%E3%83%9E%E3%82%B5%E3%83%90%E6%B5%B7%E5%B3%A1%E5%A4%A7%E6%A9%8B","https://cdn.wikiwiki.jp/to/w/splatoon3mix/%E3%82%B9%E3%83%86%E3%83%BC%E3%82%B8/%E3%83%9E%E3%82%B5%E3%83%90%E6%B5%B7%E5%B3%A1%E5%A4%A7%E6%A9%8B/::ref/%E3%83%9E%E3%82%B5%E3%83%90%E6%B5%B7%E5%B3%A1%E5%A4%A7%E6%A9%8B_%E3%83%8A%E3%83%AF%E3%83%90%E3%83%AA_ver.8.0.0.webp.webp?rev=65e116a71b2bae126760bf83a4aa97fa&t=20240616122832","マサバ海峡大橋_ナワバリ_ver.8.0.0.webp","8","images/マサバ海峡大橋_ナワバリ.webp","118498","7eaf845b6db8bdb533d5d81f320b6889aa3487fec6f9d088f21bf9979c1274b3"
"マサバ海峡大橋","エリア","https://wikiwiki.jp/splatoon3mix/%E3%82%B9%E3%83%86%E3%83%BC%E3%82%B8/%E3%83%9E%E3%82%B5%E3%83%90%E6%B5%B7%E5%B3%A1%E5%A4%A7%E6%A9%8B","https://cdn.wikiwiki.jp/to/w/splatoon3mix/%E3%82%B9%E3%83%86%E3%83%BC%E3%82%B8/%E3%83%9E%E3%82%B5%E3%83%90%E6%B5%B7%E5%B3%A1%E5%A4%A7%E6%A9%8B/::ref/%E3%83%9E%E3%82%B5%E3%83%90%E6%B5%B7%E5%B3%A1%E5%A4%A7%E6%A9%8B_%E3%82%A8%E3%83%AA%E3%82%A2_ver.8.0.0.webp.webp?rev=2395dec7bcbed1521800dd0b80bf434b&t=20240616122825","マサバ海峡大橋_エリア_ver.8.0.0.webp","8","images/マサバ海峡大橋_エリア.webp","128046","c6decb5fd4a8d4c356d5640f4e905da552b1a6d3734718f7aa029b871af91b81"
"マサバ海峡大橋","ヤグラ","https://wikiwiki.jp/splatoon3mix/%E3%82%B9%E3%83%86%E3%83%BC%E3%82%B8/%E3%83%9E%E3%82%B5%E3%83%90%E6%B5%B7%E5%B3%A1%E5%A4%A7%E6%A9%8B","https://cdn.wikiwiki.jp/to/w/splatoon3mix/%E3%82%B9%E3%83%86%E3%83%BC%E3%82%B8/%E3%83%9E%E3%82%B5%E3%83%90%E6%B5%B7%E5%B3%A1%E5%A4%A7%E6%A9%8B/::ref/%E3%83%9E%E3%82%B5%E3%83%90%E6%B5%B7%E5%B3%A1%E5%A4%A7%E6%A9%8B_%E3%83%A4%E3%82%B0%E3%83%A9_ver.8.0.0.webp.webp?rev=0e8628392cf18d4c6680ba0703aaff2f&t=20240616122837","マサバ海峡大橋_ヤグラ_ver.8.0.0.webp","8","images/マサバ海峡大橋_ヤグラ.webp","119344","546d1ac01b68cf1923ed0e357abc9c73f4277ee0385660ec9768bbfe336ec0fd"
"マサバ海峡大橋","ホコ","https://wikiwiki.jp/splatoon3mix/%E3%82%B9%E3%83%86%E3%83%BC%E3%82%B8/%E3%83%9E%E3%82%B5%E3%83%90%E6%B5%B7%E5%B3%A1%E5%A4%A7%E6%A9%8B","https://cdn.wikiwiki.jp/to/w/splatoon3mix/%E3%82%B9%E3%83%86%E3%83%BC%E3%82%B8/%E3%83%9E%E3%82%B5%E3%83%90%E6%B5%B7%E5%B3%A1%E5%A4%A7%E6%A9%8B/::ref/%E3%83%9E%E3%82%B5%E3%83%90%E6%B5%B7%E5%B3%A1%E5%A4%A7%E6%A9%8B_%E3%83%9B%E3%82%B3_ver.8.0.0.webp.webp?rev=3d93c02758fa21809f5f23598f339de4&t=20240616122835","マサバ海峡大橋_ホコ_ver.8.0.0.webp","8","images/マサバ海峡大橋_ホコ.webp","135554","52c260168e7d40e7f4f9adcc67cf8c3eeee29695f857e0edb87402475a5dd7d6"
"マサバ海峡大橋","アサリ","https://wikiwiki.jp/splatoon3mix/%E3%82%B9%E3%83%86%E3%83%BC%E3%82%B8/%E3%83%9E%E3%82%B5%E3%83%90%E6%B5%B7%E5%B3%A1%E5%A4%A7%E6%A9%8B","https://cdn.wikiwiki.jp/to/w/splatoon3mix/%E3%82%B9%E3%83%86%E3%83%BC%E3%82%B8/%E3%83%9E%E3%82%B5%E3%83%90%E6%B5%B7%E5%B3%A1%E5%A4%A7%E6%A9%8B/::ref/%E3%83%9E%E3%82%B5%E3%83%90%E6%B5%B7%E5%B3%A1%E5%A4%A7%E6%A9%8B_%E3%82%A2%E3%82%B5%E3%83%AA_ver.8.0.0.webp.webp?rev=06b5d653cb9281d0e9e1f560f53cb510&t=20240616122820","マサバ海峡大橋_アサリ_ver.8.0.0.webp","8","images/マサバ海峡大橋_アサリ.webp","127120","01d94b4b9eb8021ca91a4278529540fa053fa4c37f5b54a1b537c82940c68773"
"マテガイ放水路","ナワバリ","https://wikiwiki.jp/splatoon3mix/%E3%82%B9%E3%83%86%E3%83%BC%E3%82%B8/%E3%83%9E%E3%83%86%E3%82%AC%E3%82%A4%E6%94%BE%E6%B0%B4%E8%B7%AF","https://cdn.wikiwiki.jp/to/w/splatoon3mix/%E3%82%B9%E3%83%86%E3%83%BC%E3%82%B8/%E3%83%9E%E3%83%86%E3%82%AC%E3%82%A4%E6%94%BE%E6%B0%B4%E8%B7%AF/::ref/%E3%83%9E%E3%83%86%E3%82%AC%E3%82%A4%E6%94%BE%E6%B0%B4%E8%B7%AF_%E3%83%8A%E3%83%AF%E3%83%90%E3%83%AA_ver.7.2.0.webp.webp?rev=c95c671fce19999a2d7d168d18e297c7&t=20240423190050","マテガイ放水路_ナワバリ_ver.7.2.0.webp","7.2","images/マテガイ放水路_ナワバリ.webp","24466","f40b4725c94bf791f04beabc13b5fc7fdb94d944e95d1385421976046ba127b7"
"マテガイ放水路","エリア","https://wikiwiki.jp/splatoon3mix/%E3%82%B9%E3%83%86%E3%83%BC%E3%82%B8/%E3%83%9E%E3%83%86%E3%82%AC%E3%82%A4%E6%94%BE%E6%B0%B4%E8%B7%AF","https://cdn.wikiwiki.jp/to/w/splatoon3mix/%E3%82%B9%E3%83%86%E3%83%BC%E3%82%B8/%E3%83%9E%E3%83%86%E3%82%AC%E3%82%A4%E6%94%BE%E6%B0%B4%E8%B7%AF/::ref/%E3%83%9E%E3%83%86%E3%82%AC%E3%82%A4%E6%94%BE%E6%B0%B4%E8%B7%AF_%E3%82%A8%E3%83%AA%E3%82%A2_ver.7.2.0.webp.webp?rev=457c65e60ec55898c2d306925e73d2f3&t=20240423190056","マテガイ放水路_エリア_ver.7.2.0.webp","7.2","images/マテガイ放水路_エリア.webp","27966","a3fe380d5901ed35b2c0f23527a431e68c3d282df469299178b14f3778c56a22"
"マテガイ放水路","ヤグラ","https://wikiwiki.jp/splatoon3mix/%E3%82%B9%E3%83%86%E3%83%BC%E3%82%B8/%E3%83%9E%E3%83%86%E3%82%AC%E3%82%A4%E6%94%BE%E6%B0%B4%E8%B7%AF","https://cdn.wikiwiki.jp/to/w/splatoon3mix/%E3%82%B9%E3%83%86%E3%83%BC%E3%82%B8/%E3%83%9E%E3%83%86%E3%82%AC%E3%82%A4%E6%94%BE%E6%B0%B4%E8%B7%AF/::ref/%E3%83%9E%E3%83%86%E3%82%AC%E3%82%A4%E6%94%BE%E6%B0%B4%E8%B7%AF_%E3%83%A4%E3%82%B0%E3%83%A9_ver.7.2.0.webp.webp?rev=b7e7f43158f9c3798e483376c432b102&t=20240423190111","マテガイ放水路_ヤグラ_ver.7.2.0.webp","7.2","images/マテガイ放水路_ヤグラ.webp","26814","988721e90304ddd8e40b401508a73c0a80f048c5a5d26eb774092f080fc3ad7d"
"マテガイ放水路","ホコ","https://wikiwiki.jp/splatoon3mix/%E3%82%B9%E3%83%86%E3%83%BC%E3%82%B8/%E3%83%9E%E3%83%86%E3%82%AC%E3%82%A4%E6%94%BE%E6%B0%B4%E8%B7%AF","https://cdn.wikiwiki.jp/to/w/splatoon3mix/%E3%82%B9%E3%83%86%E3%83%BC%E3%82%B8/%E3%83%9E%E3%83%86%E3%82%AC%E3%82%A4%E6%94%BE%E6%B0%B4%E8%B7%AF/::ref/%E3%83%9E%E3%83%86%E3%82%AC%E3%82%A4%E6%94%BE%E6%B0%B4%E8%B7%AF_%E3%83%9B%E3%82%B3_ver.7.2.0.webp.webp?rev=391992ec09aa6abb8cbe4eff95888d99&t=20240423190124","マテガイ放水路_ホコ_ver.7.2.0.webp","7.2","images/マテガイ放水路_ホコ.webp","30232","6cc8b346fee98b7eb7518b2d361d5d51dd783f1293dba673f181e8b9e506a706"
"マテガイ放水路","アサリ","https://wikiwiki.jp/splatoon3mix/%E3%82%B9%E3%83%86%E3%83%BC%E3%82%B8/%E3%83%9E%E3%83%86%E3%82%AC%E3%82%A4%E6%94%BE%E6%B0%B4%E8%B7%AF","https://cdn.wikiwiki.jp/to/w/splatoon3mix/%E3%82%B9%E3%83%86%E3%83%BC%E3%82%B8/%E3%83%9E%E3%83%86%E3%82%AC%E3%82%A4%E6%94%BE%E6%B0%B4%E8%B7%AF/::ref/%E3%83%9E%E3%83%86%E3%82%AC%E3%82%A4%E6%94%BE%E6%B0%B4%E8%B7%AF_%E3%82%A2%E3%82%B5%E3%83%AA_ver.7.2.0.webp.webp?rev=75393a2afce073033513b4e6c286f526&t=20240423190133","マテガイ放水路_アサリ_ver.7.2.0.webp","7.2","images/マテガイ放水路_アサリ.webp","29862","58a31743da58635f7f65c0de2eadc5f198de5fd12014895c5b9bf89f57cc3111"
"マヒマヒリゾート＆スパ","ナワバリ","https://wikiwiki.jp/splatoon3mix/%E3%82%B9%E3%83%86%E3%83%BC%E3%82%B8/%E3%83%9E%E3%83%92%E3%83%9E%E3%83%92%E3%83%AA%E3%82%BE%E3%83%BC%E3%83%88%EF%BC%86%E3%82%B9%E3%83%91","https://cdn.wikiwiki.jp/to/w/splatoon3mix/%E3%82%B9%E3%83%86%E3%83%BC%E3%82%B8/%E3%83%9E%E3%83%92%E3%83%9E%E3%83%92%E3%83%AA%E3%82%BE%E3%83%BC%E3%83%88%EF%BC%86%E3%82%B9%E3%83%91/::ref/%E3%83%9E%E3%83%92%E3%83%9E%E3%83%92%E3%83%AA%E3%82%BE%E3%83%BC%E3%83%88%EF%BC%86%E3%82%B9%E3%83%91_%E3%83%8A%E3%83%AF%E3%83%90%E3%83%AA_ver.5.1.0.webp.webp?rev=af6dcf6d60c272233036c7d3147e1642&t=20231018162559","マヒマヒリゾート＆スパ_ナワバリ_ver.5.1.0.webp","5.1","images/マヒマヒリゾート＆スパ_ナワバリ.webp","170258","d62e954562a1aa431ca952354f0b46f3edee7a47c3a40a6778ef2aedbce0a4cc"
"マヒマヒリゾート＆スパ","エリア","https://wikiwiki.jp/splatoon3mix/%E3%82%B9%E3%83%86%E3%83%BC%E3%82%B8/%E3%83%9E%E3%83%92%E3%83%9E%E3%83%92%E3%83%AA%E3%82%BE%E3%83%BC%E3%83%88%EF%BC%86%E3%82%B9%E3%83%91","https://cdn.wikiwiki.jp/to/w/splatoon3mix/%E3%82%B9%E3%83%86%E3%83%BC%E3%82%B8/%E3%83%9E%E3%83%92%E3%83%9E%E3%83%92%E3%83%AA%E3%82%BE%E3%83%BC%E3%83%88%EF%BC%86%E3%82%B9%E3%83%91/::ref/%E3%83%9E%E3%83%92%E3%83%9E%E3%83%92%E3%83%AA%E3%82%BE%E3%83%BC%E3%83%88%EF%BC%86%E3%82%B9%E3%83%91_%E3%82%A8%E3%83%AA%E3%82%A2_ver.5.1.0.webp.webp?rev=a8bf9f99a6a7f21acf156b30aeacc463&t=20231018223321","マヒマヒリゾート＆スパ_エリア_ver.5.1.0.webp","5.1","images/マヒマヒリゾート＆スパ_エリア.webp","177798","963d5b0c4cea87b4aba312c0d1bdc1c858d27fc3951f609572b78a5af2fc3fe9"
"マヒマヒリゾート＆スパ","ヤグラ","https://wikiwiki.jp/splatoon3mix/%E3%82%B9%E3%83%86%E3%83%BC%E3%82%B8/%E3%83%9E%E3%83%92%E3%83%9E%E3%83%92%E3%83%AA%E3%82%BE%E3%83%BC%E3%83%88%EF%BC%86%E3%82%B9%E3%83%91","https://cdn.wikiwiki.jp/to/w/splatoon3mix/%E3%82%B9%E3%83%86%E3%83%BC%E3%82%B8/%E3%83%9E%E3%83%92%E3%83%9E%E3%83%92%E3%83%AA%E3%82%BE%E3%83%BC%E3%83%88%EF%BC%86%E3%82%B9%E3%83%91/::ref/%E3%83%9E%E3%83%92%E3%83%9E%E3%83%92%E3%83%AA%E3%82%BE%E3%83%BC%E3%83%88%EF%BC%86%E3%82%B9%E3%83%91_%E3%83%A4%E3%82%B0%E3%83%A9_ver.5.1.0.webp.webp?rev=e7310385e2a357f4634bc7463de616f9&t=20231018162747","マヒマヒリゾート＆スパ_ヤグラ_ver.5.1.0.webp","5.1","images/マヒマヒリゾート＆スパ_ヤグラ.webp","167168","b757d76e80c46fa57c2a609e070090df42d3f93387454928a47a542260ef7c91"
"マヒマヒリゾート＆スパ","ホコ","https://wikiwiki.jp/splatoon3mix/%E3%82%B9%E3%83%86%E3%83%BC%E3%82%B8/%E3%83%9E%E3%83%92%E3%83%9E%E3%83%92%E3%83%AA%E3%82%BE%E3%83%BC%E3%83%88%EF%BC%86%E3%82%B9%E3%83%91","https://cdn.wikiwiki.jp/to/w/splatoon3mix/%E3%82%B9%E3%83%86%E3%83%BC%E3%82%B8/%E3%83%9E%E3%83%92%E3%83%9E%E3%83%92%E3%83%AA%E3%82%BE%E3%83%BC%E3%83%88%EF%BC%86%E3%82%B9%E3%83%91/::ref/%E3%83%9E%E3%83%92%E3%83%9E%E3%83%92%E3%83%AA%E3%82%BE%E3%83%BC%E3%83%88%EF%BC%86%E3%82%B9%E3%83%91_%E3%83%9B%E3%82%B3ver.5.1.0.webp.webp?rev=df8f8dd440884324519c195e3713cf46&t=20231018162758","マヒマヒリゾート＆スパ_ホコver.5.1.0.webp","5.1","images/マヒマヒリゾート＆スパ_ホコ.webp","198146","c91b1f402829664127bcb3fe9698fd3d03cde4a2681836b7993c31aaf099199b"
"マヒマヒリゾート＆スパ","アサリ","https://wikiwiki.jp/splatoon3mix/%E3%82%B9%E3%83%86%E3%83%BC%E3%82%B8/%E3%83%9E%E3%83%92%E3%83%9E%E3%83%92%E3%83%AA%E3%82%BE%E3%83%BC%E3%83%88%EF%BC%86%E3%82%B9%E3%83%91","https://cdn.wikiwiki.jp/to/w/splatoon3mix/%E3%82%B9%E3%83%86%E3%83%BC%E3%82%B8/%E3%83%9E%E3%83%92%E3%83%9E%E3%83%92%E3%83%AA%E3%82%BE%E3%83%BC%E3%83%88%EF%BC%86%E3%82%B9%E3%83%91/::ref/%E3%83%9E%E3%83%92%E3%83%9E%E3%83%92%E3%83%AA%E3%82%BE%E3%83%BC%E3%83%88%EF%BC%86%E3%82%B9%E3%83%91_%E3%82%A2%E3%82%B5%E3%83%AA_ver.5.1.0.webp.webp?rev=1355532034ce45715c3e56188018a542&t=20231018162806","マヒマヒリゾート＆スパ_アサリ_ver.5.1.0.webp","5.1","images/マヒマヒリゾート＆スパ_アサリ.webp","172926","8ea3f0171a58e7de74016f6890a42bf6a24ba9b9678bfd51898eca979eede3f8"
"マンタマリア号","ナワバリ","https://wikiwiki.jp/splatoon3mix/%E3%82%B9%E3%83%86%E3%83%BC%E3%82%B8/%E3%83%9E%E3%83%B3%E3%82%BF%E3%83%9E%E3%83%AA%E3%82%A2%E5%8F%B7","https://cdn.wikiwiki.jp/to/w/splatoon3mix/%E3%82%B9%E3%83%86%E3%83%BC%E3%82%B8/%E3%83%9E%E3%83%B3%E3%82%BF%E3%83%9E%E3%83%AA%E3%82%A2%E5%8F%B7/::ref/%E3%83%9E%E3%83%B3%E3%82%BF%E3%83%9E%E3%83%AA%E3%82%A2%E5%8F%B7_%E3%83%8A%E3%83%AF%E3%83%90%E3%83%AA_ver.8.0.0.webp.webp?rev=871aaabc7a50862a28ce0a6e1f370e8b&t=20240904161510","マンタマリア号_ナワバリ_ver.8.0.0.webp","8","images/マンタマリア号_ナワバリ.webp","156944","9e0d04b9c902a0f4195cce934345aa5fc097015537c4109b31f7817351d02310"
"マンタマリア号","エリア","https://wikiwiki.jp/splatoon3mix/%E3%82%B9%E3%83%86%E3%83%BC%E3%82%B8/%E3%83%9E%E3%83%B3%E3%82%BF%E3%83%9E%E3%83%AA%E3%82%A2%E5%8F%B7","https://cdn.wikiwiki.jp/to/w/splatoon3mix/%E3%82%B9%E3%83%86%E3%83%BC%E3%82%B8/%E3%83%9E%E3%83%B3%E3%82%BF%E3%83%9E%E3%83%AA%E3%82%A2%E5%8F%B7/::ref/%E3%83%9E%E3%83%B3%E3%82%BF%E3%83%9E%E3%83%AA%E3%82%A2%E5%8F%B7_%E3%82%A8%E3%83%AA%E3%82%A2_ver.8.0.0.webp.webp?rev=c6c16ff796f14c573fda7aaec6d611ec&t=20240904161507","マンタマリア号_エリア_ver.8.0.0.webp","8","images/マンタマリア号_エリア.webp","169562","a5d00520c9ee7dfaed9da8605ba307ba32e5bab42221bbf1d80580a03d62f745"
"マンタマリア号","ヤグラ","https://wikiwiki.jp/splatoon3mix/%E3%82%B9%E3%83%86%E3%83%BC%E3%82%B8/%E3%83%9E%E3%83%B3%E3%82%BF%E3%83%9E%E3%83%AA%E3%82%A2%E5%8F%B7","https://cdn.wikiwiki.jp/to/w/splatoon3mix/%E3%82%B9%E3%83%86%E3%83%BC%E3%82%B8/%E3%83%9E%E3%83%B3%E3%82%BF%E3%83%9E%E3%83%AA%E3%82%A2%E5%8F%B7/::ref/%E3%83%9E%E3%83%B3%E3%82%BF%E3%83%9E%E3%83%AA%E3%82%A2%E5%8F%B7_%E3%83%A4%E3%82%B0%E3%83%A9_ver.8.0.0.webp.webp?rev=1ecf420e71ad0611296c0cd226e72912&t=20240904161515","マンタマリア号_ヤグラ_ver.8.0.0.webp","8","images/マンタマリア号_ヤグラ.webp","160224","11faaee45412070b4d934fb99cde1330f80b6014ee90eb70e6c0ed409ac946eb"
"マンタマリア号","ホコ","https://wikiwiki.jp/splatoon3mix/%E3%82%B9%E3%83%86%E3%83%BC%E3%82%B8/%E3%83%9E%E3%83%B3%E3%82%BF%E3%83%9E%E3%83%AA%E3%82%A2%E5%8F%B7","https://cdn.wikiwiki.jp/to/w/splatoon3mix/%E3%82%B9%E3%83%86%E3%83%BC%E3%82%B8/%E3%83%9E%E3%83%B3%E3%82%BF%E3%83%9E%E3%83%AA%E3%82%A2%E5%8F%B7/::ref/%E3%83%9E%E3%83%B3%E3%82%BF%E3%83%9E%E3%83%AA%E3%82%A2%E5%8F%B7_%E3%83%9B%E3%82%B3_ver.8.0.0.webp.webp?rev=5a115c2e26c13a4b68d8f32239df5e2f&t=20240904161513","マンタマリア号_ホコ_ver.8.0.0.webp","8","images/マンタマリア号_ホコ.webp","183336","b188669a8f6e10f90c162168d23ebd18256bf23d0236775cd98a899a7d057dd6"
"マンタマリア号","アサリ","https://wikiwiki.jp/splatoon3mix/%E3%82%B9%E3%83%86%E3%83%BC%E3%82%B8/%E3%83%9E%E3%83%B3%E3%82%BF%E3%83%9E%E3%83%AA%E3%82%A2%E5%8F%B7","https://cdn.wikiwiki.jp/to/w/splatoon3mix/%E3%82%B9%E3%83%86%E3%83%BC%E3%82%B8/%E3%83%9E%E3%83%B3%E3%82%BF%E3%83%9E%E3%83%AA%E3%82%A2%E5%8F%B7/::ref/%E3%83%9E%E3%83%B3%E3%82%BF%E3%83%9E%E3%83%AA%E3%82%A2%E5%8F%B7_%E3%82%A2%E3%82%B5%E3%83%AA_ver.8.0.0.webp.webp?rev=442788ec331c2eb5787b2cb748f8b903&t=20240904161500","マンタマリア号_アサリ_ver.8.0.0.webp","8","images/マンタマリア号_アサリ.webp","167272","788ec33348e16780004c9a278d2dceebdebdc9c48e72d16c30a10df4a952aa9b"
"ヤガラ市場","ナワバリ","https://wikiwiki.jp/splatoon3mix/%E3%82%B9%E3%83%86%E3%83%BC%E3%82%B8/%E3%83%A4%E3%82%AC%E3%83%A9%E5%B8%82%E5%A0%B4","https://cdn.wikiwiki.jp/to/w/splatoon3mix/%E3%82%B9%E3%83%86%E3%83%BC%E3%82%B8/%E3%83%A4%E3%82%AC%E3%83%A9%E5%B8%82%E5%A0%B4/::ref/%E3%83%A4%E3%82%AC%E3%83%A9%E5%B8%82%E5%A0%B4_%E3%83%8A%E3%83%AF%E3%83%90%E3%83%AA_ver.8.0.0.webp.webp?rev=562cf5184ec309b29ad82591e8f0f64c&t=20240611124906","ヤガラ市場_ナワバリ_ver.8.0.0.webp","8","images/ヤガラ市場_ナワバリ.webp","188708","3aac9a2a2b1d8aaa6fbd13782c0a86fa53992eb976387b191de602ad6c92a2d4"
"ヤガラ市場","エリア","https://wikiwiki.jp/splatoon3mix/%E3%82%B9%E3%83%86%E3%83%BC%E3%82%B8/%E3%83%A4%E3%82%AC%E3%83%A9%E5%B8%82%E5%A0%B4","https://cdn.wikiwiki.jp/to/w/splatoon3mix/%E3%82%B9%E3%83%86%E3%83%BC%E3%82%B8/%E3%83%A4%E3%82%AC%E3%83%A9%E5%B8%82%E5%A0%B4/::ref/%E3%83%A4%E3%82%AC%E3%83%A9%E5%B8%82%E5%A0%B4_%E3%82%A8%E3%83%AA%E3%82%A2_ver.8.0.0.webp.webp?rev=9504c694c5dd7074809336f41c58d0ae&t=20240611124904","ヤガラ市場_エリア_ver.8.0.0.webp","8","images/ヤガラ市場_エリア.webp","201620","48732c1c53132ab38342f8a6a3dd379f4876107b2069ff1e6cd9e75481bbb02b"
"ヤガラ市場","ヤグラ","https://wikiwiki.jp/splatoon3mix/%E3%82%B9%E3%83%86%E3%83%BC%E3%82%B8/%E3%83%A4%E3%82%AC%E3%83%A9%E5%B8%82%E5%A0%B4","https://cdn.wikiwiki.jp/to/w/splatoon3mix/%E3%82%B9%E3%83%86%E3%83%BC%E3%82%B8/%E3%83%A4%E3%82%AC%E3%83%A9%E5%B8%82%E5%A0%B4/::ref/%E3%83%A4%E3%82%AC%E3%83%A9%E5%B8%82%E5%A0%B4_%E3%83%A4%E3%82%B0%E3%83%A9_ver.8.0.0.webp.webp?rev=6946a8b0a34d744d004a93abafe00a60&t=20240611124911","ヤガラ市場_ヤグラ_ver.8.0.0.webp","8","images/ヤガラ市場_ヤグラ.webp","189866","75e03ec4d0c310e51fe26e9d6238aba890453fc7babd0ddd64a30dd2324ce99b"
"ヤガラ市場","ホコ","https://wikiwiki.jp/splatoon3mix/%E3%82%B9%E3%83%86%E3%83%BC%E3%82%B8/%E3%83%A4%E3%82%AC%E3%83%A9%E5%B8%82%E5%A0%B4","https://cdn.wikiwiki.jp/to/w/splatoon3mix/%E3%82%B9%E3%83%86%E3%83%BC%E3%82%B8/%E3%83%A4%E3%82%AC%E3%83%A9%E5%B8%82%E5%A0%B4/::ref/%E3%83%A4%E3%82%AC%E3%83%A9%E5%B8%82%E5%A0%B4_%E3%83%9B%E3%82%B3_ver.8.0.0.webp.webp?rev=7b9f8c0a3eacc29d15179b07c7175bc4&t=20240611124909","ヤガラ市場_ホコ_ver.8.0.0.webp","8","images/ヤガラ市場_ホコ.webp","221748","fbdedae62c937cc7d7b1755c0b1d24629b68268d1f354f75bd67e1d28f467e95"
"ヤガラ市場","アサリ","https://wikiwiki.jp/splatoon3mix/%E3%82%B9%E3%83%86%E3%83%BC%E3%82%B8/%E3%83%A4%E3%82%AC%E3%83%A9%E5%B8%82%E5%A0%B4","https://cdn.wikiwiki.jp/to/w/splatoon3mix/%E3%82%B9%E3%83%86%E3%83%BC%E3%82%B8/%E3%83%A4%E3%82%AC%E3%83%A9%E5%B8%82%E5%A0%B4/::ref/%E3%83%A4%E3%82%AC%E3%83%A9%E5%B8%82%E5%A0%B4_%E3%82%A2%E3%82%B5%E3%83%AA_ver.8.0.0.webp.webp?rev=c79564cc51f6da0a57f8b6ba2936e61e&t=20240611124859","ヤガラ市場_アサリ_ver.8.0.0.webp","8","images/ヤガラ市場_アサリ.webp","200652","10e916b8d3bd1a404363344d7e476533f785f948abe71cb94e71e93ad5641cd8"
"ユノハナ大渓谷","ナワバリ","https://wikiwiki.jp/splatoon3mix/%E3%82%B9%E3%83%86%E3%83%BC%E3%82%B8/%E3%83%A6%E3%83%8E%E3%83%8F%E3%83%8A%E5%A4%A7%E6%B8%93%E8%B0%B7","https://cdn.wikiwiki.jp/to/w/splatoon3mix/%E3%82%B9%E3%83%86%E3%83%BC%E3%82%B8/%E3%83%A6%E3%83%8E%E3%83%8F%E3%83%8A%E5%A4%A7%E6%B8%93%E8%B0%B7/::ref/%E3%83%A6%E3%83%8E%E3%83%8F%E3%83%8A%E5%A4%A7%E6%B8%93%E8%B0%B7_%E3%83%8A%E3%83%AF%E3%83%90%E3%83%AA_ver.8.0.0.webp.webp?rev=f93e271efa3ee654a73078d89c8e3453&t=20240608172537","ユノハナ大渓谷_ナワバリ_ver.8.0.0.webp","8","images/ユノハナ大渓谷_ナワバリ.webp","142164","e665829b93c97bab7298d659f0fd82e2fa567e0f05907e1189f448fa67c66680"
"ユノハナ大渓谷","エリア","https://wikiwiki.jp/splatoon3mix/%E3%82%B9%E3%83%86%E3%83%BC%E3%82%B8/%E3%83%A6%E3%83%8E%E3%83%8F%E3%83%8A%E5%A4%A7%E6%B8%93%E8%B0%B7","https://cdn.wikiwiki.jp/to/w/splatoon3mix/%E3%82%B9%E3%83%86%E3%83%BC%E3%82%B8/%E3%83%A6%E3%83%8E%E3%83%8F%E3%83%8A%E5%A4%A7%E6%B8%93%E8%B0%B7/::ref/%E3%83%A6%E3%83%8E%E3%83%8F%E3%83%8A%E5%A4%A7%E6%B8%93%E8%B0%B7_%E3%82%A8%E3%83%AA%E3%82%A2_ver.8.0.0.webp.webp?rev=a560c9df7a398e9e62c5c4122f2cb4b7&t=20240608172534","ユノハナ大渓谷_エリア_ver.8.0.0.webp","8","images/ユノハナ大渓谷_エリア.webp","159318","05b1917b54ea59dae82cade8d2c21b0c49043ab3b82813cca231c677ce493950"
"ユノハナ大渓谷","ヤグラ","https://wikiwiki.jp/splatoon3mix/%E3%82%B9%E3%83%86%E3%83%BC%E3%82%B8/%E3%83%A6%E3%83%8E%E3%83%8F%E3%83%8A%E5%A4%A7%E6%B8%93%E8%B0%B7","https://cdn.wikiwiki.jp/to/w/splatoon3mix/%E3%82%B9%E3%83%86%E3%83%BC%E3%82%B8/%E3%83%A6%E3%83%8E%E3%83%8F%E3%83%8A%E5%A4%A7%E6%B8%93%E8%B0%B7/::ref/%E3%83%A6%E3%83%8E%E3%83%8F%E3%83%8A%E5%A4%A7%E6%B8%93%E8%B0%B7_%E3%83%A4%E3%82%B0%E3%83%A9_ver.8.0.0.webp.webp?rev=a9b1bf12efa0bbe8ddb7f59694a82318&t=20240608172543","ユノハナ大渓谷_ヤグラ_ver.8.0.0.webp","8","images/ユノハナ大渓谷_ヤグラ.webp","134376","15ce216a04f33429f44bdd754c611c78fd35304af469e33e79ca0487510e5bad"
"ユノハナ大渓谷","ホコ","https://wikiwiki.jp/splatoon3mix/%E3%82%B9%E3%83%86%E3%83%BC%E3%82%B8/%E3%83%A6%E3%83%8E%E3%83%8F%E3%83%8A%E5%A4%A7%E6%B8%93%E8%B0%B7","https://cdn.wikiwiki.jp/to/w/splatoon3mix/%E3%82%B9%E3%83%86%E3%83%BC%E3%82%B8/%E3%83%A6%E3%83%8E%E3%83%8F%E3%83%8A%E5%A4%A7%E6%B8%93%E8%B0%B7/::ref/%E3%83%A6%E3%83%8E%E3%83%8F%E3%83%8A%E5%A4%A7%E6%B8%93%E8%B0%B7_%E3%83%9B%E3%82%B3_ver.8.0.0.webp.webp?rev=8be0cc1a3d77543b3fad186a75e9ea15&t=20240608172540","ユノハナ大渓谷_ホコ_ver.8.0.0.webp","8","images/ユノハナ大渓谷_ホコ.webp","177826","77a690db125cdcd3cb456735ec636ee7a3f3e40f5a99ce13174399ce1db3b3e1"
"ユノハナ大渓谷","アサリ","https://wikiwiki.jp/splatoon3mix/%E3%82%B9%E3%83%86%E3%83%BC%E3%82%B8/%E3%83%A6%E3%83%8E%E3%83%8F%E3%83%8A%E5%A4%A7%E6%B8%93%E8%B0%B7","https://cdn.wikiwiki.jp/to/w/splatoon3mix/%E3%82%B9%E3%83%86%E3%83%BC%E3%82%B8/%E3%83%A6%E3%83%8E%E3%83%8F%E3%83%8A%E5%A4%A7%E6%B8%93%E8%B0%B7/::ref/%E3%83%A6%E3%83%8E%E3%83%8F%E3%83%8A%E5%A4%A7%E6%B8%93%E8%B0%B7_%E3%82%A2%E3%82%B5%E3%83%AA_ver.8.0.0.webp.webp?rev=14ed88741bfc851c504bd31bebdf0cb1&t=20240608172525","ユノハナ大渓谷_アサリ_ver.8.0.0.webp","8","images/ユノハナ大渓谷_アサリ.webp","153302","ba6310f4f1b8d5df9fe2349a4bcdd223a6e8e2bbe218cd0d2e38a8da86ea43e2"
"リュウグウターミナル","ナワバリ","https://wikiwiki.jp/splatoon3mix/%E3%82%B9%E3%83%86%E3%83%BC%E3%82%B8/%E3%83%AA%E3%83%A5%E3%82%A6%E3%82%B0%E3%82%A6%E3%82%BF%E3%83%BC%E3%83%9F%E3%83%8A%E3%83%AB","https://cdn.wikiwiki.jp/to/w/splatoon3mix/%E3%82%B9%E3%83%86%E3%83%BC%E3%82%B8/%E3%83%AA%E3%83%A5%E3%82%A6%E3%82%B0%E3%82%A6%E3%82%BF%E3%83%BC%E3%83%9F%E3%83%8A%E3%83%AB/::ref/%E3%83%AA%E3%83%A5%E3%82%A6%E3%82%B0%E3%82%A6%E3%82%BF%E3%83%BC%E3%83%9F%E3%83%8A%E3%83%AB_%E3%83%8A%E3%83%AF%E3%83%90%E3%83%AA.webp.webp?rev=784683fa17228f3dbc21d5480b10a8b0&t=20240716174712","リュウグウターミナル_ナワバリ.webp","0","images/リュウグウターミナル_ナワバリ.webp","164348","e0c947ff430f8717a542f628408b20e34b8f8d6daefeca0b41d20f7bd2a2c5fc"
"リュウグウターミナル","エリア","https://wikiwiki.jp/splatoon3mix/%E3%82%B9%E3%83%86%E3%83%BC%E3%82%B8/%E3%83%AA%E3%83%A5%E3%82%A6%E3%82%B0%E3%82%A6%E3%82%BF%E3%83%BC%E3%83%9F%E3%83%8A%E3%83%AB","https://cdn.wikiwiki.jp/to/w/splatoon3mix/%E3%82%B9%E3%83%86%E3%83%BC%E3%82%B8/%E3%83%AA%E3%83%A5%E3%82%A6%E3%82%B0%E3%82%A6%E3%82%BF%E3%83%BC%E3%83%9F%E3%83%8A%E3%83%AB/::ref/%E3%83%AA%E3%83%A5%E3%82%A6%E3%82%B0%E3%82%A6%E3%82%BF%E3%83%BC%E3%83%9F%E3%83%8A%E3%83%AB_%E3%82%A8%E3%83%AA%E3%82%A2.webp.webp?rev=d3e9293e46a04bb60a7fd2c967da21dd&t=20240716174720","リュウグウターミナル_エリア.webp","0","images/リュウグウターミナル_エリア.webp","181942","1e7f0934bac752560103e2fc6d24e6c79206a3011e8d713ee24d8b7302cb713d"
"リュウグウターミナル","ヤグラ","https://wikiwiki.jp/splatoon3mix/%E3%82%B9%E3%83%86%E3%83%BC%E3%82%B8/%E3%83%AA%E3%83%A5%E3%82%A6%E3%82%B0%E3%82%A6%E3%82%BF%E3%83%BC%E3%83%9F%E3%83%8A%E3%83%AB","https://cdn.wikiwiki.jp/to/w/splatoon3mix/%E3%82%B9%E3%83%86%E3%83%BC%E3%82%B8/%E3%83%AA%E3%83%A5%E3%82%A6%E3%82%B0%E3%82%A6%E3%82%BF%E3%83%BC%E3%83%9F%E3%83%8A%E3%83%AB/::ref/%E3%83%AA%E3%83%A5%E3%82%A6%E3%82%B0%E3%82%A6%E3%82%BF%E3%83%BC%E3%83%9F%E3%83%8A%E3%83%AB_%E3%83%A4%E3%82%B0%E3%83%A9.webp.webp?rev=ae904a168491aa589cca2bd1ed8ee46e&t=20240716174737","リュウグウターミナル_ヤグラ.webp","0","images/リュウグウターミナル_ヤグラ.webp","166516","e9d2ecfefdd1ee826eb098fe7506fddf7e8a3ace3259fbcbe1019f4af31309c3"
"リュウグウターミナル","ホコ","https://wikiwiki.jp/splatoon3mix/%E3%82%B9%E3%83%86%E3%83%BC%E3%82%B8/%E3%83%AA%E3%83%A5%E3%82%A6%E3%82%B0%E3%82%A6%E3%82%BF%E3%83%BC%E3%83%9F%E3%83%8A%E3%83%AB","https://cdn.wikiwiki.jp/to/w/splatoon3mix/%E3%82%B9%E3%83%86%E3%83%BC%E3%82%B8/%E3%83%AA%E3%83%A5%E3%82%A6%E3%82%B0%E3%82%A6%E3%82%BF%E3%83%BC%E3%83%9F%E3%83%8A%E3%83%AB/::ref/%E3%83%AA%E3%83%A5%E3%82%A6%E3%82%B0%E3%82%A6%E3%82%BF%E3%83%BC%E3%83%9F%E3%83%8A%E3%83%AB_%E3%83%9B%E3%82%B3.webp.webp?rev=2f0653e7d914b85b73ffbec6f4f06421&t=20240716174744","リュウグウターミナル_ホコ.webp","0","images/リュウグウターミナル_ホコ.webp","208700","be51ad5df20fbdbd21b25af10bbdf01e9edf595f1b8d8d26413d30b3270a3fc7"
"リュウグウターミナル","アサリ","https://wikiwiki.jp/splatoon3mix/%E3%82%B9%E3%83%86%E3%83%BC%E3%82%B8/%E3%83%AA%E3%83%A5%E3%82%A6%E3%82%B0%E3%82%A6%E3%82%BF%E3%83%BC%E3%83%9F%E3%83%8A%E3%83%AB","https://cdn.wikiwiki.jp/to/w/splatoon3mix/%E3%82%B9%E3%83%86%E3%83%BC%E3%82%B8/%E3%83%AA%E3%83%A5%E3%82%A6%E3%82%B0%E3%82%A6%E3%82%BF%E3%83%BC%E3%83%9F%E3%83%8A%E3%83%AB/::ref/%E3%83%AA%E3%83%A5%E3%82%A6%E3%82%B0%E3%82%A6%E3%82%BF%E3%83%BC%E3%83%9F%E3%83%8A%E3%83%AB_%E3%82%A2%E3%82%B5%E3%83%AA.webp.webp?rev=797385e5b37832fe78ed054789776502&t=20240716174750","リュウグウターミナル_アサリ.webp","0","images/リュウグウターミナル_アサリ.webp","174466","8633263a970af325379a3c99a2f7d9ec3d96d890a5903637eba2860ff2feca9d"
"海女美術大学","ナワバリ","https://wikiwiki.jp/splatoon3mix/%E3%82%B9%E3%83%86%E3%83%BC%E3%82%B8/%E6%B5%B7%E5%A5%B3%E7%BE%8E%E8%A1%93%E5%A4%A7%E5%AD%A6","https://cdn.wikiwiki.jp/to/w/splatoon3mix/%E3%82%B9%E3%83%86%E3%83%BC%E3%82%B8/%E6%B5%B7%E5%A5%B3%E7%BE%8E%E8%A1%93%E5%A4%A7%E5%AD%A6/::ref/%E6%B5%B7%E5%A5%B3%E7%BE%8E%E8%A1%93%E5%A4%A7%E5%AD%A6_%E3%83%8A%E3%83%AF%E3%83%90%E3%83%AA.webp.webp?rev=88f76ad0daa97e384a802dac83cc7ab9&t=20221110181441","海女美術大学_ナワバリ.webp","0","images/海女美術大学_ナワバリ.webp","171206","45dca7331697f3ad5b1b8861eb2d678bc5c0feccffc53a3af18d0f935c07be8e"
"海女美術大学","エリア","https://wikiwiki.jp/splatoon3mix/%E3%82%B9%E3%83%86%E3%83%BC%E3%82%B8/%E6%B5%B7%E5%A5%B3%E7%BE%8E%E8%A1%93%E5%A4%A7%E5%AD%A6","https://cdn.wikiwiki.jp/to/w/splatoon3mix/%E3%82%B9%E3%83%86%E3%83%BC%E3%82%B8/%E6%B5%B7%E5%A5%B3%E7%BE%8E%E8%A1%93%E5%A4%A7%E5%AD%A6/::ref/%E6%B5%B7%E5%A5%B3%E7%BE%8E%E8%A1%93%E5%A4%A7%E5%AD%A6_%E3%82%A8%E3%83%AA%E3%82%A2.webp.webp?rev=155882cbf903db40f9d1b2654fd27714&t=20221110181455","海女美術大学_エリア.webp","0","images/海女美術大学_エリア.webp","189560","3acf4535d99c37af87cadfc13c79cdc8428b559fa79f7d2f2e09d0a46a516ea5"
"海女美術大学","ヤグラ","https://wikiwiki.jp/splatoon3mix/%E3%82%B9%E3%83%86%E3%83%BC%E3%82%B8/%E6%B5%B7%E5%A5%B3%E7%BE%8E%E8%A1%93%E5%A4%A7%E5%AD%A6","https://cdn.wikiwiki.jp/to/w/splatoon3mix/%E3%82%B9%E3%83%86%E3%83%BC%E3%82%B8/%E6%B5%B7%E5%A5%B3%E7%BE%8E%E8%A1%93%E5%A4%A7%E5%AD%A6/::ref/%E6%B5%B7%E5%A5%B3%E7%BE%8E%E8%A1%93%E5%A4%A7%E5%AD%A6_%E3%83%A4%E3%82%B0%E3%83%A9.webp.webp?rev=6a7d93349c32d08d5fe51f0ec5f048e2&t=20221110181512","海女美術大学_ヤグラ.webp","0","images/海女美術大学_ヤグラ.webp","178268","5a7b1fe9625766fb9badb849ddb0257c44ada592f42643596ff926354f334e7d"
"海女美術大学","ホコ","https://wikiwiki.jp/splatoon3mix/%E3%82%B9%E3%83%86%E3%83%BC%E3%82%B8/%E6%B5%B7%E5%A5%B3%E7%BE%8E%E8%A1%93%E5%A4%A7%E5%AD%A6","https://cdn.wikiwiki.jp/to/w/splatoon3mix/%E3%82%B9%E3%83%86%E3%83%BC%E3%82%B8/%E6%B5%B7%E5%A5%B3%E7%BE%8E%E8%A1%93%E5%A4%A7%E5%AD%A6/::ref/%E6%B5%B7%E5%A5%B3%E7%BE%8E%E8%A1%93%E5%A4%A7%E5%AD%A6_%E3%83%9B%E3%82%B3.webp.webp?rev=bc7760c09aa28b0560e1ade9cb6cdbe5&t=20221110181541","海女美術大学_ホコ.webp","0","images/海女美術大学_ホコ.webp","201506","d8208d34d9c1370450bccf43d40f2f575faf958e2143b21f10649070485b1ca8"
"海女美術大学","アサリ","https://wikiwiki.jp/splatoon3mix/%E3%82%B9%E3%83%86%E3%83%BC%E3%82%B8/%E6%B5%B7%E5%A5%B3%E7%BE%8E%E8%A1%93%E5%A4%A7%E5%AD%A6","https://cdn.wikiwiki.jp/to/w/splatoon3mix/%E3%82%B9%E3%83%86%E3%83%BC%E3%82%B8/%E6%B5%B7%E5%A5%B3%E7%BE%8E%E8%A1%93%E5%A4%A7%E5%AD%A6/::ref/%E6%B5%B7%E5%A5%B3%E7%BE%8E%E8%A1%93%E5%A4%A7%E5%AD%A6_%E3%82%A2%E3%82%B5%E3%83%AA.webp.webp?rev=00d625286c91c5d61ab15a06b74a552b&t=20221110181554","海女美術大学_アサリ.webp","0","images/海女美術大学_アサリ.webp","190106","48dee170f742765a7c781f1a9effc84951d95e975baf60cf2cace86e8ac0a823"
